Entity,Code,Year,Share of the population with access to a handwashing facility with soap and water at home (basic hygiene service) - Residence: Rural,Share of the population with access to a handwashing facility with soap and water at home (basic hygiene service) - Residence: Urban,Population (historical),World regions according to OWID,time,time
Afghanistan,AFG,2005,27.102644,67.48515,24404520,Asia,2005,2023
Afghanistan,AFG,2006,27.102644,67.48515,25424050,Asia,2006,2023
Afghanistan,AFG,2007,27.102644,67.48515,25909790,Asia,2007,2023
Afghanistan,AFG,2008,27.102644,67.48515,26482577,Asia,2008,2023
Afghanistan,AFG,2009,27.102644,67.48515,27466056,Asia,2009,2023
Afghanistan,AFG,2010,28.439106,66.7956,28284036,Asia,2010,2023
Afghanistan,AFG,2011,29.775568,66.10605,29347668,Asia,2011,2023
Afghanistan,AFG,2012,31.112032,65.4165,30559988,Asia,2012,2023
Afghanistan,AFG,2013,32.448494,64.726944,31622662,Asia,2013,2023
Afghanistan,AFG,2014,33.784958,64.03739,32792472,Asia,2014,2023
Afghanistan,AFG,2015,35.12142,63.347843,33831716,Asia,2015,2023
Afghanistan,AFG,2016,36.457882,62.65829,34700565,Asia,2016,2023
Afghanistan,AFG,2017,37.794346,61.96874,35688889,Asia,2017,2023
Afghanistan,AFG,2018,39.13081,61.279186,36742997,Asia,2018,2023
Afghanistan,AFG,2019,40.46727,60.589634,37856071,Asia,2019,2023
Afghanistan,AFG,2020,41.803734,59.90008,39068933,Asia,2020,2023
Afghanistan,AFG,2021,43.140198,59.21053,40000360,Asia,2021,2023
Afghanistan,AFG,2022,44.47666,58.520977,40578801,Asia,2022,2023
Algeria,DZA,2007,72.83243,88.25962,34189375,Africa,2007,2023
Algeria,DZA,2008,72.83243,88.25962,34816912,Africa,2008,2023
Algeria,DZA,2009,72.83243,88.25962,35490399,Africa,2009,2023
Algeria,DZA,2010,72.83243,88.25962,36188192,Africa,2010,2023
Algeria,DZA,2011,72.83243,88.25962,36903328,Africa,2011,2023
Algeria,DZA,2012,73.08251,88.23362,37646120,Africa,2012,2023
Algeria,DZA,2013,73.332596,88.20761,38414134,Africa,2013,2023
Algeria,DZA,2014,73.58268,88.1816,39204992,Africa,2014,2023
Algeria,DZA,2015,73.83276,88.155594,40019473,Africa,2015,2023
Algeria,DZA,2016,74.08285,88.129585,40850673,Africa,2016,2023
Algeria,DZA,2017,74.33293,88.10358,41689261,Africa,2017,2023
Algeria,DZA,2018,74.58301,88.07757,42504975,Africa,2018,2023
Algeria,DZA,2019,74.83309,88.05157,43294503,Africa,2019,2023
Algeria,DZA,2020,75.083176,88.02556,44042041,Africa,2020,2023
Algeria,DZA,2021,75.33326,87.99955,44761051,Africa,2021,2023
Algeria,DZA,2022,75.33326,87.99955,45477339,Africa,2022,2023
Angola,AGO,2012,13.234886,33.97459,25177351,Africa,2012,2023
Angola,AGO,2013,13.234886,33.97459,26165566,Africa,2013,2023
Angola,AGO,2014,13.234886,33.97459,27160719,Africa,2014,2023
Angola,AGO,2015,13.234886,33.97459,28157754,Africa,2015,2023
Angola,AGO,2016,13.234886,33.97459,29183023,Africa,2016,2023
Angola,AGO,2017,13.234886,33.97459,30234791,Africa,2017,2023
Angola,AGO,2018,13.234886,33.97459,31297103,Africa,2018,2023
Angola,AGO,2019,13.234886,33.97459,32375581,Africa,2019,2023
Angola,AGO,2020,13.234886,33.97459,33451100,Africa,2020,2023
Armenia,ARM,2000,65.577965,92.89996,3125566,Asia,2000,2023
Armenia,ARM,2001,66.99612,93.117035,3084300,Asia,2001,2023
Armenia,ARM,2002,68.414276,93.3341,3055592,Asia,2002,2023
Armenia,ARM,2003,69.832436,93.55117,3038932,Asia,2003,2023
Armenia,ARM,2004,71.250595,93.768234,3022490,Asia,2004,2023
Armenia,ARM,2005,72.668755,93.985306,3006305,Asia,2005,2023
Armenia,ARM,2006,74.08691,94.20237,2990317,Asia,2006,2023
Armenia,ARM,2007,75.505066,94.41944,2974777,Asia,2007,2023
Armenia,ARM,2008,76.923225,94.636505,2959943,Asia,2008,2023
Armenia,ARM,2009,78.341385,94.85358,2945458,Asia,2009,2023
Armenia,ARM,2010,79.759544,95.07064,2931041,Asia,2010,2023
Armenia,ARM,2011,81.1777,95.287704,2923214,Asia,2011,2023
Armenia,ARM,2012,82.595856,95.504776,2922474,Asia,2012,2023
Armenia,ARM,2013,84.014015,95.72184,2922487,Asia,2013,2023
Armenia,ARM,2014,85.432175,95.93891,2922390,Asia,2014,2023
Armenia,ARM,2015,86.850334,96.155975,2921124,Asia,2015,2023
Armenia,ARM,2016,88.268486,96.37305,2918753,Asia,2016,2023
Armenia,ARM,2017,89.686646,96.59011,2914918,Asia,2017,2023
Armenia,ARM,2018,90.2639,96.80718,2909917,Asia,2018,2023
Armenia,ARM,2019,90.2639,96.80718,2903922,Asia,2019,2023
Armenia,ARM,2020,90.2639,96.80718,2890849,Asia,2020,2023
Armenia,ARM,2021,90.2639,96.80718,2870293,Asia,2021,2023
Armenia,ARM,2022,90.2639,96.80718,2880829,Asia,2022,2023
Azerbaijan,AZE,2009,87.371666,90.86326,9046297,Asia,2009,2023
Azerbaijan,AZE,2010,87.371666,90.86326,9146807,Asia,2010,2023
Azerbaijan,AZE,2011,87.371666,90.86326,9256100,Asia,2011,2023
Azerbaijan,AZE,2012,87.371666,90.86326,9376131,Asia,2012,2023
Azerbaijan,AZE,2013,87.371666,90.86326,9504374,Asia,2013,2023
Azerbaijan,AZE,2014,87.371666,90.86326,9631088,Asia,2014,2023
Azerbaijan,AZE,2015,87.371666,90.86326,9752813,Asia,2015,2023
Azerbaijan,AZE,2016,87.371666,90.86326,9868395,Asia,2016,2023
Azerbaijan,AZE,2017,87.371666,90.86326,9968463,Asia,2017,2023
Bangladesh,BGD,2005,11.496125,43.069107,144715747,Asia,2005,2023
Bangladesh,BGD,2006,11.496125,43.069107,146405934,Asia,2006,2023
Bangladesh,BGD,2007,11.496125,43.069107,147989238,Asia,2007,2023
Bangladesh,BGD,2008,11.496125,43.069107,149474218,Asia,2008,2023
Bangladesh,BGD,2009,11.496125,43.069107,150873661,Asia,2009,2023
Bangladesh,BGD,2010,15.345584,45.135048,152201922,Asia,2010,2023
Bangladesh,BGD,2011,19.195044,47.200985,153591029,Asia,2011,2023
Bangladesh,BGD,2012,23.044502,49.266926,155070060,Asia,2012,2023
Bangladesh,BGD,2013,26.89396,51.332863,156532092,Asia,2013,2023
Bangladesh,BGD,2014,30.74342,53.398804,157964878,Asia,2014,2023
Bangladesh,BGD,2015,34.59288,55.46474,159383130,Asia,2015,2023
Bangladesh,BGD,2016,38.442337,57.53068,160811890,Asia,2016,2023
Bangladesh,BGD,2017,42.291798,59.59662,162186094,Asia,2017,2023
Bangladesh,BGD,2018,46.14126,61.662556,163523054,Asia,2018,2023
Bangladesh,BGD,2019,49.990715,63.728497,164913011,Asia,2019,2023
Bangladesh,BGD,2020,53.840176,65.79443,166297978,Asia,2020,2023
Bangladesh,BGD,2021,57.689632,67.860374,167658798,Asia,2021,2023
Bangladesh,BGD,2022,57.689632,67.860374,169384838,Asia,2022,2023
Belize,BLZ,2005,84.12569,78.722755,279698,North America,2005,2023
Belize,BLZ,2006,84.12569,78.722755,287841,North America,2006,2023
Belize,BLZ,2007,84.12569,78.722755,296069,North America,2007,2023
Belize,BLZ,2008,84.12569,78.722755,304321,North America,2008,2023
Belize,BLZ,2009,84.12569,78.722755,312570,North America,2009,2023
Belize,BLZ,2010,85.89538,80.21342,320203,North America,2010,2023
Belize,BLZ,2011,86.47703,81.70408,327253,North America,2011,2023
Belize,BLZ,2012,86.792694,83.19475,334367,North America,2012,2023
Belize,BLZ,2013,87.10835,84.68541,341596,North America,2013,2023
Belize,BLZ,2014,87.42402,86.17607,348889,North America,2014,2023
Belize,BLZ,2015,87.739685,87.66674,356296,North America,2015,2023
Belize,BLZ,2016,88.05535,89.1574,364666,North America,2016,2023
Belize,BLZ,2017,88.37101,90.64806,373177,North America,2017,2023
Belize,BLZ,2018,88.686676,92.138725,380188,North America,2018,2023
Belize,BLZ,2019,88.686676,92.138725,385784,North America,2019,2023
Belize,BLZ,2020,88.686676,92.138725,390775,North America,2020,2023
Belize,BLZ,2021,88.686676,92.138725,395312,North America,2021,2023
Belize,BLZ,2022,88.686676,92.138725,402691,North America,2022,2023
Benin,BEN,2000,0,4.2280564,7221570,Africa,2000,2023
Benin,BEN,2001,0,4.8425884,7445548,Africa,2001,2023
Benin,BEN,2002,0.06550985,5.457121,7675382,Africa,2002,2023
Benin,BEN,2003,0.49649644,6.071653,7913016,Africa,2003,2023
Benin,BEN,2004,0.927483,6.6861854,8159045,Africa,2004,2023
Benin,BEN,2005,1.3584696,7.3007174,8426103,Africa,2005,2023
Benin,BEN,2006,1.7894561,7.91525,8693194,Africa,2006,2023
Benin,BEN,2007,2.2204428,8.529782,8953918,Africa,2007,2023
Benin,BEN,2008,2.6514294,9.144315,9228420,Africa,2008,2023
Benin,BEN,2009,3.0824158,9.758846,9509380,Africa,2009,2023
Benin,BEN,2010,3.5134025,10.373379,9797446,Africa,2010,2023
Benin,BEN,2011,3.944389,10.987911,10093579,Africa,2011,2023
Benin,BEN,2012,4.3753757,11.602444,10397614,Africa,2012,2023
Benin,BEN,2013,4.806362,12.216976,10708774,Africa,2013,2023
Benin,BEN,2014,5.237349,12.831508,11029964,Africa,2014,2023
Benin,BEN,2015,5.6683354,13.44604,11360628,Africa,2015,2023
Benin,BEN,2016,6.099322,14.060573,11697798,Africa,2016,2023
Benin,BEN,2017,6.5303087,14.675105,12039735,Africa,2017,2023
Benin,BEN,2018,6.961295,15.289637,12383302,Africa,2018,2023
Benin,BEN,2019,7.3922815,15.904169,12726713,Africa,2019,2023
Benin,BEN,2020,7.8232684,16.518702,13070131,Africa,2020,2023
Benin,BEN,2021,7.8232684,16.518702,13413371,Africa,2021,2023
Benin,BEN,2022,7.8232684,16.518702,13759458,Africa,2022,2023
Bhutan,BTN,2004,71.337105,86.26218,650515,Asia,2004,2023
Bhutan,BTN,2005,71.337105,86.26218,661827,Asia,2005,2023
Bhutan,BTN,2006,71.337105,86.26218,670755,Asia,2006,2023
Bhutan,BTN,2007,71.337105,86.26218,678600,Asia,2007,2023
Bhutan,BTN,2008,71.337105,86.26218,686312,Asia,2008,2023
Bhutan,BTN,2009,73.23986,86.51171,693954,Asia,2009,2023
Bhutan,BTN,2010,75.14262,86.76125,701585,Asia,2010,2023
Bhutan,BTN,2011,77.04537,87.01079,709337,Asia,2011,2023
Bhutan,BTN,2012,78.94813,87.26033,717237,Asia,2012,2023
Bhutan,BTN,2013,80.85088,87.509865,725241,Asia,2013,2023
Bhutan,BTN,2014,82.75364,87.75941,733102,Asia,2014,2023
Bhutan,BTN,2015,84.656395,88.00894,740573,Asia,2015,2023
Bhutan,BTN,2016,86.55915,88.258484,747831,Asia,2016,2023
Bhutan,BTN,2017,88.461914,88.50802,754292,Asia,2017,2023
Bhutan,BTN,2018,90.36467,88.75756,759710,Asia,2018,2023
Bhutan,BTN,2019,92.267426,89.007095,764777,Asia,2019,2023
Bhutan,BTN,2020,94.17018,89.25664,769966,Asia,2020,2023
Bhutan,BTN,2021,96.07294,89.50617,775407,Asia,2021,2023
Bhutan,BTN,2022,96.07294,89.50617,780868,Asia,2022,2023
Bolivia,BOL,2010,21.894142,29.084915,10182290,South America,2010,2023
Bolivia,BOL,2011,21.894142,29.084915,10348877,South America,2011,2023
Bolivia,BOL,2012,21.894142,29.084915,10515765,South America,2012,2023
Bolivia,BOL,2013,21.894142,29.084915,10682555,South America,2013,2023
Bolivia,BOL,2014,21.894142,29.084915,10848842,South America,2014,2023
Bolivia,BOL,2015,21.894142,29.084915,11014657,South America,2015,2023
Bolivia,BOL,2016,21.894142,29.084915,11179968,South America,2016,2023
Bolivia,BOL,2017,21.894142,29.084915,11344540,South America,2017,2023
Bolivia,BOL,2018,21.894142,29.084915,11508320,South America,2018,2023
Bolivia,BOL,2019,21.894142,29.084915,11671329,South America,2019,2023
Bolivia,BOL,2020,21.894142,29.084915,11816245,South America,2020,2023
Bolivia,BOL,2021,21.894142,29.084915,11937318,South America,2021,2023
Bolivia,BOL,2022,21.894142,29.084915,12077101,South America,2022,2023
Bosnia and Herzegovina,BIH,2008,96.049736,98.598915,3947499,Europe,2008,2023
Bosnia and Herzegovina,BIH,2009,96.049736,98.598915,3879744,Europe,2009,2023
Bosnia and Herzegovina,BIH,2010,96.049736,98.598915,3811423,Europe,2010,2023
Bosnia and Herzegovina,BIH,2011,96.049736,98.598915,3741747,Europe,2011,2023
Bosnia and Herzegovina,BIH,2012,96.049736,98.598915,3670056,Europe,2012,2023
Bosnia and Herzegovina,BIH,2013,96.049736,98.598915,3610814,Europe,2013,2023
Bosnia and Herzegovina,BIH,2014,96.049736,98.598915,3564777,Europe,2014,2023
Bosnia and Herzegovina,BIH,2015,96.049736,98.598915,3518485,Europe,2015,2023
Bosnia and Herzegovina,BIH,2016,96.049736,98.598915,3472950,Europe,2016,2023
Burkina Faso,BFA,2000,3.1717856,25.23756,11925495,Africa,2000,2023
Burkina Faso,BFA,2001,3.1717856,25.23756,12294946,Africa,2001,2023
Burkina Faso,BFA,2002,3.292039,24.80732,12680857,Africa,2002,2023
Burkina Faso,BFA,2003,3.4122922,24.377079,13082483,Africa,2003,2023
Burkina Faso,BFA,2004,3.5325458,23.94684,13500483,Africa,2004,2023
Burkina Faso,BFA,2005,3.6527991,23.5166,13932081,Africa,2005,2023
Burkina Faso,BFA,2006,3.7730525,23.086359,14373659,Africa,2006,2023
Burkina Faso,BFA,2007,3.8933058,22.656118,14816271,Africa,2007,2023
Burkina Faso,BFA,2008,4.0135593,22.225878,15258045,Africa,2008,2023
Burkina Faso,BFA,2009,4.1338124,21.795637,15710025,Africa,2009,2023
Burkina Faso,BFA,2010,4.254066,21.365398,16176456,Africa,2010,2023
Burkina Faso,BFA,2011,4.3743196,20.935158,16661858,Africa,2011,2023
Burkina Faso,BFA,2012,4.4945726,20.504917,17172238,Africa,2012,2023
Burkina Faso,BFA,2013,4.614826,20.074677,17695371,Africa,2013,2023
Burkina Faso,BFA,2014,4.73508,19.644436,18229421,Africa,2014,2023
Burkina Faso,BFA,2015,4.855333,19.214195,18777451,Africa,2015,2023
Burkina Faso,BFA,2016,4.9755864,18.783957,19334810,Africa,2016,2023
Burkina Faso,BFA,2017,5.0958395,18.353716,19894368,Africa,2017,2023
Burkina Faso,BFA,2018,5.216093,17.923475,20438245,Africa,2018,2023
Burkina Faso,BFA,2019,5.3363466,17.493235,20961910,Africa,2019,2023
Burkina Faso,BFA,2020,5.4565997,17.062994,21478640,Africa,2020,2023
Burkina Faso,BFA,2021,5.4565997,17.062994,21995205,Africa,2021,2023
Burkina Faso,BFA,2022,5.4565997,17.062994,22508995,Africa,2022,2023
Burundi,BDI,2004,4.0073433,24.44171,7310604,Africa,2004,2023
Burundi,BDI,2005,4.0073433,24.44171,7587267,Africa,2005,2023
Burundi,BDI,2006,4.0073433,24.44171,7865501,Africa,2006,2023
Burundi,BDI,2007,4.0073433,24.44171,8161832,Africa,2007,2023
Burundi,BDI,2008,4.0073433,24.44171,8505591,Africa,2008,2023
Burundi,BDI,2009,4.0156817,23.982481,8947608,Africa,2009,2023
Burundi,BDI,2010,4.02402,23.523252,9376393,Africa,2010,2023
Burundi,BDI,2011,4.032359,23.064024,9717923,Africa,2011,2023
Burundi,BDI,2012,4.0406976,22.604795,10070981,Africa,2012,2023
Burundi,BDI,2013,4.049036,22.145567,10439290,Africa,2013,2023
Burundi,BDI,2014,4.0573745,21.686338,10799746,Africa,2014,2023
Burundi,BDI,2015,4.0657134,21.22711,11047534,Africa,2015,2023
Burundi,BDI,2016,4.074052,20.767881,11239416,Africa,2016,2023
Burundi,BDI,2017,4.0823903,20.308653,11506721,Africa,2017,2023
Burundi,BDI,2018,4.0907288,19.849426,11859386,Africa,2018,2023
Burundi,BDI,2019,4.0990677,19.390198,12255290,Africa,2019,2023
Burundi,BDI,2020,4.0990677,19.390198,12616994,Africa,2020,2023
Burundi,BDI,2021,4.0990677,19.390198,12965439,Africa,2021,2023
Burundi,BDI,2022,4.0990677,19.390198,13321056,Africa,2022,2023
Cambodia,KHM,2008,53.81205,87.68236,14053432,Asia,2008,2023
Cambodia,KHM,2009,53.81205,87.68236,14276762,Asia,2009,2023
Cambodia,KHM,2010,53.81205,87.68236,14500683,Asia,2010,2023
Cambodia,KHM,2011,53.81205,87.68236,14722537,Asia,2011,2023
Cambodia,KHM,2012,53.81205,87.68236,14945041,Asia,2012,2023
Cambodia,KHM,2013,56.60492,87.72919,15170170,Asia,2013,2023
Cambodia,KHM,2014,59.39779,87.77602,15396720,Asia,2014,2023
Cambodia,KHM,2015,62.19066,87.822845,15623205,Asia,2015,2023
Cambodia,KHM,2016,64.98353,87.869675,15852754,Asia,2016,2023
Cambodia,KHM,2017,67.7764,87.916504,16073324,Asia,2017,2023
Cambodia,KHM,2018,70.56927,87.96334,16274473,Asia,2018,2023
Cambodia,KHM,2019,73.36214,88.01017,16481244,Asia,2019,2023
Cambodia,KHM,2020,76.15501,88.057,16725440,Asia,2020,2023
Cambodia,KHM,2021,78.947876,88.10383,16974258,Asia,2021,2023
Cambodia,KHM,2022,81.740746,88.15066,17201662,Asia,2022,2023
Cameroon,CMR,2015,22.030134,47.027493,22763375,Africa,2015,2023
Cameroon,CMR,2016,22.030134,47.027493,23454117,Africa,2016,2023
Cameroon,CMR,2017,22.030134,47.027493,24128563,Africa,2017,2023
Cameroon,CMR,2018,22.030134,47.027493,24806341,Africa,2018,2023
Cameroon,CMR,2019,22.030134,47.027493,25506047,Africa,2019,2023
Cameroon,CMR,2020,22.030134,47.027493,26210514,Africa,2020,2023
Cameroon,CMR,2021,22.030134,47.027493,26915707,Africa,2021,2023
Cameroon,CMR,2022,22.030134,47.027493,27632723,Africa,2022,2023
Central African Republic,CAF,2004,13.21427,19.943869,4192786,Africa,2004,2023
Central African Republic,CAF,2005,13.21427,19.943869,4288762,Africa,2005,2023
Central African Republic,CAF,2006,13.21427,19.943869,4377527,Africa,2006,2023
Central African Republic,CAF,2007,13.21427,19.943869,4462730,Africa,2007,2023
Central African Republic,CAF,2008,13.21427,19.943869,4558941,Africa,2008,2023
Central African Republic,CAF,2009,13.130705,21.135221,4529009,Africa,2009,2023
Central African Republic,CAF,2010,13.047141,22.326574,4492954,Africa,2010,2023
Central African Republic,CAF,2011,12.963577,23.517927,4564986,Africa,2011,2023
Central African Republic,CAF,2012,12.8800125,24.70928,4610805,Africa,2012,2023
Central African Republic,CAF,2013,12.796449,25.900633,4642385,Africa,2013,2023
Central African Republic,CAF,2014,12.712885,27.091986,4623146,Africa,2014,2023
Central African Republic,CAF,2015,12.62932,28.283339,4629279,Africa,2015,2023
Central African Republic,CAF,2016,12.545756,29.474693,4713609,Africa,2016,2023
Central African Republic,CAF,2017,12.462193,30.666046,4793464,Africa,2017,2023
Central African Republic,CAF,2018,12.378628,31.857399,4878612,Africa,2018,2023
Central African Republic,CAF,2019,12.295064,33.04875,4944659,Africa,2019,2023
Central African Republic,CAF,2020,12.2115,34.240105,5026583,Africa,2020,2023
Central African Republic,CAF,2021,12.127935,35.431458,5112047,Africa,2021,2023
Central African Republic,CAF,2022,12.127935,35.431458,5097987,Africa,2022,2023
Chad,TCD,2004,7.5749717,40.120064,9919974,Africa,2004,2023
Chad,TCD,2005,7.5749717,40.120064,10328047,Africa,2005,2023
Chad,TCD,2006,7.5749717,40.120064,10706385,Africa,2006,2023
Chad,TCD,2007,7.5749717,40.120064,11081609,Africa,2007,2023
Chad,TCD,2008,7.5749717,40.120064,11476247,Africa,2008,2023
Chad,TCD,2009,8.815558,39.655685,11893711,Africa,2009,2023
Chad,TCD,2010,10.056145,39.19131,12312535,Africa,2010,2023
Chad,TCD,2011,11.296732,38.726933,12754948,Africa,2011,2023
Chad,TCD,2012,12.537318,38.262558,13210954,Africa,2012,2023
Chad,TCD,2013,13.7779045,37.79818,13691034,Africa,2013,2023
Chad,TCD,2014,15.018492,37.3338,14188639,Africa,2014,2023
Chad,TCD,2015,16.259079,36.869427,14647574,Africa,2015,2023
Chad,TCD,2016,17.499664,36.40505,15114606,Africa,2016,2023
Chad,TCD,2017,18.740252,35.94067,15622715,Africa,2017,2023
Chad,TCD,2018,19.980839,35.476295,16156480,Africa,2018,2023
Chad,TCD,2019,21.221424,35.011917,16685179,Africa,2019,2023
Chad,TCD,2020,22.462011,34.547543,17224636,Africa,2020,2023
Chad,TCD,2021,23.702599,34.083164,17828225,Africa,2021,2023
Chad,TCD,2022,23.702599,34.083164,18455270,Africa,2022,2023
China,CHN,2017,95.3,98.3,1412354694,Asia,2017,2023
China,CHN,2018,95.3,98.3,1419008910,Asia,2018,2023
China,CHN,2019,95.3,98.3,1423520298,Asia,2019,2023
China,CHN,2020,95.3,98.3,1426106040,Asia,2020,2023
China,CHN,2021,95.3,98.3,1426437224,Asia,2021,2023
China,CHN,2022,95.3,98.3,1425179509,Asia,2022,2023
Colombia,COL,2011,32.945736,78.293526,45259560,South America,2011,2023
Colombia,COL,2012,32.945736,78.293526,45715766,South America,2012,2023
Colombia,COL,2013,32.945736,78.293526,46151536,South America,2013,2023
Colombia,COL,2014,32.945736,78.293526,46565374,South America,2014,2023
Colombia,COL,2015,32.945736,78.293526,46969894,South America,2015,2023
Colombia,COL,2016,32.945736,78.293526,47437468,South America,2016,2023
Colombia,COL,2017,32.945736,78.293526,48131023,South America,2017,2023
Colombia,COL,2018,32.945736,78.293526,49024413,South America,2018,2023
Colombia,COL,2019,32.945736,78.293526,49907932,South America,2019,2023
Colombia,COL,2020,32.945736,78.293526,50629945,South America,2020,2023
Colombia,COL,2021,32.945736,78.293526,51188120,South America,2021,2023
Colombia,COL,2022,32.945736,78.293526,51737891,South America,2022,2023
Comoros,COM,2008,14.653059,17.869366,629268,Africa,2008,2023
Comoros,COM,2009,14.653059,17.869366,641899,Africa,2009,2023
Comoros,COM,2010,14.653059,17.869366,654792,Africa,2010,2023
Comoros,COM,2011,14.653059,17.869366,668024,Africa,2011,2023
Comoros,COM,2012,14.653059,17.869366,681594,Africa,2012,2023
Comoros,COM,2013,14.653059,17.869366,696157,Africa,2013,2023
Comoros,COM,2014,14.653059,17.869366,711462,Africa,2014,2023
Comoros,COM,2015,14.653059,17.869366,726628,Africa,2015,2023
Comoros,COM,2016,14.653059,17.869366,741693,Africa,2016,2023
Congo,COG,2011,31.813604,56.114403,4609682,Africa,2011,2023
Congo,COG,2012,31.813604,56.114403,4740414,Africa,2012,2023
Congo,COG,2013,31.813604,56.114403,4857053,Africa,2013,2023
Congo,COG,2014,31.813604,56.114403,4975835,Africa,2014,2023
Congo,COG,2015,31.813604,56.114403,5097532,Africa,2015,2023
Congo,COG,2016,31.813604,56.114403,5222495,Africa,2016,2023
Congo,COG,2017,31.813604,56.114403,5350964,Africa,2017,2023
Congo,COG,2018,31.813604,56.114403,5483090,Africa,2018,2023
Congo,COG,2019,31.813604,56.114403,5616598,Africa,2019,2023
Costa Rica,CRI,2005,82.83613,83.66085,4261187,North America,2005,2023
Costa Rica,CRI,2006,82.83613,83.66085,4321299,North America,2006,2023
Costa Rica,CRI,2007,82.83613,83.66085,4380199,North America,2007,2023
Costa Rica,CRI,2008,82.83613,83.66085,4440009,North America,2008,2023
Costa Rica,CRI,2009,82.83613,83.66085,4499743,North America,2009,2023
Costa Rica,CRI,2010,82.878876,83.922325,4555924,North America,2010,2023
Costa Rica,CRI,2011,82.92163,84.18381,4609777,North America,2011,2023
Costa Rica,CRI,2012,82.96438,84.44528,4663890,North America,2012,2023
Costa Rica,CRI,2013,83.00713,84.70676,4716102,North America,2013,2023
Costa Rica,CRI,2014,83.04988,84.96824,4767078,North America,2014,2023
Costa Rica,CRI,2015,83.092636,85.22971,4817996,North America,2015,2023
Costa Rica,CRI,2016,83.13538,85.491196,4866954,North America,2016,2023
Costa Rica,CRI,2017,83.17814,85.75267,4913126,North America,2017,2023
Costa Rica,CRI,2018,83.22089,86.014145,4957764,North America,2018,2023
Costa Rica,CRI,2019,83.26364,86.27563,4999502,North America,2019,2023
Costa Rica,CRI,2020,83.30639,86.5371,5034273,North America,2020,2023
Costa Rica,CRI,2021,83.30639,86.5371,5059939,North America,2021,2023
Costa Rica,CRI,2022,83.30639,86.5371,5081715,North America,2022,2023
Cote d'Ivoire,CIV,2006,6.9086547,24.133333,20546760,Africa,2006,2023
Cote d'Ivoire,CIV,2007,6.9086547,24.133333,21030520,Africa,2007,2023
Cote d'Ivoire,CIV,2008,6.9086547,24.133333,21514392,Africa,2008,2023
Cote d'Ivoire,CIV,2009,6.9086547,24.133333,21997883,Africa,2009,2023
Cote d'Ivoire,CIV,2010,6.9086547,24.133333,22488019,Africa,2010,2023
Cote d'Ivoire,CIV,2011,7.3318214,24.86108,22981949,Africa,2011,2023
Cote d'Ivoire,CIV,2012,7.7549887,25.588827,23467041,Africa,2012,2023
Cote d'Ivoire,CIV,2013,8.178156,26.316572,23939724,Africa,2013,2023
Cote d'Ivoire,CIV,2014,8.601322,27.04432,24527339,Africa,2014,2023
Cote d'Ivoire,CIV,2015,9.024489,27.772066,25246300,Africa,2015,2023
Cote d'Ivoire,CIV,2016,9.447657,28.499813,25989364,Africa,2016,2023
Cote d'Ivoire,CIV,2017,9.870824,29.22756,26733332,Africa,2017,2023
Cote d'Ivoire,CIV,2018,10.29399,29.955305,27464125,Africa,2018,2023
Cote d'Ivoire,CIV,2019,10.717157,30.683052,28192957,Africa,2019,2023
Cote d'Ivoire,CIV,2020,11.140325,31.410799,28915402,Africa,2020,2023
Cote d'Ivoire,CIV,2021,11.140325,31.410799,29639680,Africa,2021,2023
Cote d'Ivoire,CIV,2022,11.140325,31.410799,30394949,Africa,2022,2023
Cuba,CUB,2008,72.67018,85.919426,11291718,North America,2008,2023
Cuba,CUB,2009,72.67018,85.919426,11294665,North America,2009,2023
Cuba,CUB,2010,72.67018,85.919426,11297363,North America,2010,2023
Cuba,CUB,2011,72.67018,85.919426,11301523,North America,2011,2023
Cuba,CUB,2012,72.67018,85.919426,11303128,North America,2012,2023
Cuba,CUB,2013,74.38399,86.91974,11298111,North America,2013,2023
Cuba,CUB,2014,76.09779,87.92005,11285740,North America,2014,2023
Cuba,CUB,2015,77.81159,88.920364,11275017,North America,2015,2023
Cuba,CUB,2016,79.5254,89.92068,11265570,North America,2016,2023
Cuba,CUB,2017,81.2392,90.92099,11247779,North America,2017,2023
Cuba,CUB,2018,82.953,91.9213,11227064,North America,2018,2023
Cuba,CUB,2019,84.6668,92.921616,11202800,North America,2019,2023
Cuba,CUB,2020,86.38061,93.92193,11176301,North America,2020,2023
Cuba,CUB,2021,88.094406,94.92224,11122126,North America,2021,2023
Cuba,CUB,2022,88.094406,94.92224,11059772,North America,2022,2023
Democratic Republic of Congo,COD,2014,12.333629,27.319307,78403201,Africa,2014,2023
Democratic Republic of Congo,COD,2015,12.333629,27.319307,81035481,Africa,2015,2023
Democratic Republic of Congo,COD,2016,12.333629,27.319307,83956362,Africa,2016,2023
Democratic Republic of Congo,COD,2017,12.333629,27.319307,87083355,Africa,2017,2023
Democratic Republic of Congo,COD,2018,12.333629,27.319307,90047595,Africa,2018,2023
Democratic Republic of Congo,COD,2019,12.333629,27.319307,92947398,Africa,2019,2023
Democratic Republic of Congo,COD,2020,12.333629,27.319307,95989947,Africa,2020,2023
Democratic Republic of Congo,COD,2021,12.333629,27.319307,99148879,Africa,2021,2023
Democratic Republic of Congo,COD,2022,12.333629,27.319307,102396919,Africa,2022,2023
Dominican Republic,DOM,2008,41.26587,57.42067,9573095,North America,2008,2023
Dominican Republic,DOM,2009,41.26587,57.42067,9695215,North America,2009,2023
Dominican Republic,DOM,2010,41.26587,57.42067,9820138,North America,2010,2023
Dominican Republic,DOM,2011,41.26587,57.42067,9945574,North America,2011,2023
Dominican Republic,DOM,2012,41.26587,57.42067,10070376,North America,2012,2023
Dominican Republic,DOM,2013,40.386227,56.73056,10193781,North America,2013,2023
Dominican Republic,DOM,2014,39.506584,56.040455,10315473,North America,2014,2023
Dominican Republic,DOM,2015,38.62694,55.350346,10434772,North America,2015,2023
Dominican Republic,DOM,2016,37.7473,54.66024,10551381,North America,2016,2023
Dominican Republic,DOM,2017,36.867657,53.97013,10666801,North America,2017,2023
Dominican Republic,DOM,2018,35.988014,53.280025,10781998,North America,2018,2023
Dominican Republic,DOM,2019,35.10837,52.589916,10893988,North America,2019,2023
Dominican Republic,DOM,2020,34.22873,51.89981,11008252,North America,2020,2023
Dominican Republic,DOM,2021,33.34909,51.2097,11123434,North America,2021,2023
Dominican Republic,DOM,2022,33.34909,51.2097,11230686,North America,2022,2023
East Timor,TLS,2012,21.925833,42.620907,1134845,Asia,2012,2023
East Timor,TLS,2013,21.925833,42.620907,1158649,Asia,2013,2023
East Timor,TLS,2014,21.925833,42.620907,1181877,Asia,2014,2023
East Timor,TLS,2015,21.925833,42.620907,1205091,Asia,2015,2023
East Timor,TLS,2016,21.925833,42.620907,1228264,Asia,2016,2023
East Timor,TLS,2017,21.925833,42.620907,1251661,Asia,2017,2023
East Timor,TLS,2018,21.925833,42.620907,1275908,Asia,2018,2023
East Timor,TLS,2019,21.925833,42.620907,1300903,Asia,2019,2023
East Timor,TLS,2020,21.925833,42.620907,1326002,Asia,2020,2023
Ecuador,ECU,2010,78.50464,92.016975,15076646,South America,2010,2023
Ecuador,ECU,2011,78.50464,92.016975,15326174,South America,2011,2023
Ecuador,ECU,2012,78.50464,92.016975,15572144,South America,2012,2023
Ecuador,ECU,2013,78.50464,92.016975,15807087,South America,2013,2023
Ecuador,ECU,2014,78.50464,92.016975,16035075,South America,2014,2023
Ecuador,ECU,2015,78.50464,92.016975,16266173,South America,2015,2023
Ecuador,ECU,2016,78.50464,92.016975,16505094,South America,2016,2023
Ecuador,ECU,2017,78.50464,92.016975,16759466,South America,2017,2023
Ecuador,ECU,2018,78.50464,92.016975,17049489,South America,2018,2023
Ecuador,ECU,2019,78.50464,92.016975,17339967,South America,2019,2023
Ecuador,ECU,2020,78.50464,92.016975,17546006,South America,2020,2023
Ecuador,ECU,2021,78.50464,92.016975,17682398,South America,2021,2023
Ecuador,ECU,2022,78.50464,92.016975,17823857,South America,2022,2023
Egypt,EGY,2000,50.95361,86.21834,73083242,Africa,2000,2023
Egypt,EGY,2001,53.247566,86.62585,74651984,Africa,2001,2023
Egypt,EGY,2002,55.54152,87.033356,76239093,Africa,2002,2023
Egypt,EGY,2003,57.835476,87.44086,77853500,Africa,2003,2023
Egypt,EGY,2004,60.12943,87.848366,79477386,Africa,2004,2023
Egypt,EGY,2005,62.423386,88.255875,81100965,Africa,2005,2023
Egypt,EGY,2006,64.71734,88.66338,82700350,Africa,2006,2023
Egypt,EGY,2007,67.01129,89.070885,84276171,Africa,2007,2023
Egypt,EGY,2008,69.30525,89.47839,85864736,Africa,2008,2023
Egypt,EGY,2009,71.599205,89.8859,87501586,Africa,2009,2023
Egypt,EGY,2010,73.89316,90.29341,89196017,Africa,2010,2023
Egypt,EGY,2011,76.18712,90.70091,91093017,Africa,2011,2023
Egypt,EGY,2012,78.48107,91.10842,93160949,Africa,2012,2023
Egypt,EGY,2013,80.775024,91.51593,95333501,Africa,2013,2023
Egypt,EGY,2014,83.06898,91.92343,97528601,Africa,2014,2023
Egypt,EGY,2015,85.36294,92.33094,99597285,Africa,2015,2023
Egypt,EGY,2016,87.65689,92.73845,101644536,Africa,2016,2023
Egypt,EGY,2017,87.65689,92.73845,103696006,Africa,2017,2023
Egypt,EGY,2018,87.65689,92.73845,105682048,Africa,2018,2023
Egypt,EGY,2019,87.65689,92.73845,107553107,Africa,2019,2023
Egypt,EGY,2020,87.65689,92.73845,109315075,Africa,2020,2023
El Salvador,SLV,2010,86.27332,92.41894,6068202,North America,2010,2023
El Salvador,SLV,2011,86.27332,92.41894,6090075,North America,2011,2023
El Salvador,SLV,2012,86.27332,92.41894,6113926,North America,2012,2023
El Salvador,SLV,2013,86.27332,92.41894,6138797,North America,2013,2023
El Salvador,SLV,2014,86.27332,92.41894,6162903,North America,2014,2023
El Salvador,SLV,2015,86.27332,92.41894,6183621,North America,2015,2023
El Salvador,SLV,2016,86.27332,92.41894,6200765,North America,2016,2023
El Salvador,SLV,2017,86.27332,92.41894,6213485,North America,2017,2023
El Salvador,SLV,2018,86.27332,92.41894,6219738,North America,2018,2023
Equatorial Guinea,GNQ,2007,19.8915,26.0226,1035995,Africa,2007,2023
Equatorial Guinea,GNQ,2008,19.8915,26.0226,1084492,Africa,2008,2023
Equatorial Guinea,GNQ,2009,19.8915,26.0226,1135644,Africa,2009,2023
Equatorial Guinea,GNQ,2010,19.8915,26.0226,1189045,Africa,2010,2023
Equatorial Guinea,GNQ,2011,19.8915,26.0226,1241795,Africa,2011,2023
Equatorial Guinea,GNQ,2012,19.8915,26.0226,1293435,Africa,2012,2023
Equatorial Guinea,GNQ,2013,19.8915,26.0226,1346160,Africa,2013,2023
Equatorial Guinea,GNQ,2014,19.8915,26.0226,1399777,Africa,2014,2023
Equatorial Guinea,GNQ,2015,19.8915,26.0226,1453871,Africa,2015,2023
Eswatini,SWZ,2004,16.788733,47.910076,1073121,Africa,2004,2023
Eswatini,SWZ,2005,16.788733,47.910076,1078975,Africa,2005,2023
Eswatini,SWZ,2006,16.788733,47.910076,1084396,Africa,2006,2023
Eswatini,SWZ,2007,16.788733,47.910076,1090668,Africa,2007,2023
Eswatini,SWZ,2008,16.788733,47.910076,1098057,Africa,2008,2023
Eswatini,SWZ,2009,16.788733,47.910076,1105117,Africa,2009,2023
Eswatini,SWZ,2010,16.788733,47.910076,1111593,Africa,2010,2023
Eswatini,SWZ,2011,16.788733,47.910076,1117800,Africa,2011,2023
Eswatini,SWZ,2012,16.788733,47.910076,1123817,Africa,2012,2023
Eswatini,SWZ,2013,16.788733,47.910076,1129945,Africa,2013,2023
Eswatini,SWZ,2014,16.788733,47.910076,1136260,Africa,2014,2023
Eswatini,SWZ,2015,16.788733,47.910076,1142773,Africa,2015,2023
Eswatini,SWZ,2016,16.788733,47.910076,1149463,Africa,2016,2023
Eswatini,SWZ,2017,16.788733,47.910076,1158143,Africa,2017,2023
Eswatini,SWZ,2018,16.788733,47.910076,1168887,Africa,2018,2023
Eswatini,SWZ,2019,16.788733,47.910076,1179837,Africa,2019,2023
Eswatini,SWZ,2020,16.788733,47.910076,1192690,Africa,2020,2023
Ethiopia,ETH,2010,4.8251433,20.25519,90538466,Africa,2010,2023
Ethiopia,ETH,2011,4.8251433,20.25519,93149926,Africa,2011,2023
Ethiopia,ETH,2012,4.8251433,20.25519,95798722,Africa,2012,2023
Ethiopia,ETH,2013,4.8251433,20.25519,98438710,Africa,2013,2023
Ethiopia,ETH,2014,4.8251433,20.25519,101115562,Africa,2014,2023
Ethiopia,ETH,2015,4.8251433,20.25519,103867085,Africa,2015,2023
Ethiopia,ETH,2016,4.8251433,20.25519,106718119,Africa,2016,2023
Ethiopia,ETH,2017,4.8251433,20.25519,109666428,Africa,2017,2023
Ethiopia,ETH,2018,4.8251433,20.25519,112664117,Africa,2018,2023
Ethiopia,ETH,2019,4.8251433,20.25519,115737338,Africa,2019,2023
Ethiopia,ETH,2020,4.8251433,20.25519,118917625,Africa,2020,2023
Ethiopia,ETH,2021,4.8251433,20.25519,122138537,Africa,2021,2023
Ethiopia,ETH,2022,4.8251433,20.25519,125384244,Africa,2022,2023
Fiji,FJI,2017,80.131454,91.11737,918714,Oceania,2017,2023
Fiji,FJI,2018,80.131454,91.11737,917136,Oceania,2018,2023
Fiji,FJI,2019,80.131454,91.11737,914849,Oceania,2019,2023
Fiji,FJI,2020,80.131454,91.11737,914920,Oceania,2020,2023
Fiji,FJI,2021,80.131454,91.11737,916669,Oceania,2021,2023
Fiji,FJI,2022,80.131454,91.11737,919378,Oceania,2022,2023
Gambia,GMB,2012,11.934839,13.512698,2043044,Africa,2012,2023
Gambia,GMB,2013,11.934839,13.512698,2103775,Africa,2013,2023
Gambia,GMB,2014,11.934839,13.512698,2164486,Africa,2014,2023
Gambia,GMB,2015,11.934839,13.512698,2224483,Africa,2015,2023
Gambia,GMB,2016,11.934839,13.512698,2283737,Africa,2016,2023
Gambia,GMB,2017,11.934839,13.512698,2342157,Africa,2017,2023
Gambia,GMB,2018,11.934839,13.512698,2399584,Africa,2018,2023
Gambia,GMB,2019,11.934839,13.512698,2456795,Africa,2019,2023
Gambia,GMB,2020,11.934839,13.512698,2515694,Africa,2020,2023
Gambia,GMB,2021,11.934839,13.512698,2575965,Africa,2021,2023
Gambia,GMB,2022,11.934839,13.512698,2636423,Africa,2022,2023
Georgia,GEO,2014,87.443375,94.597916,3792875,Asia,2014,2023
Georgia,GEO,2015,87.443375,94.597916,3791515,Asia,2015,2023
Georgia,GEO,2016,87.443375,94.597916,3792013,Asia,2016,2023
Georgia,GEO,2017,87.443375,94.597916,3792801,Asia,2017,2023
Georgia,GEO,2018,87.443375,94.597916,3794833,Asia,2018,2023
Georgia,GEO,2019,87.443375,94.597916,3796671,Asia,2019,2023
Georgia,GEO,2020,87.443375,94.597916,3795624,Asia,2020,2023
Georgia,GEO,2021,87.443375,94.597916,3788400,Asia,2021,2023
Georgia,GEO,2022,87.443375,94.597916,3794728,Asia,2022,2023
Ghana,GHA,2011,34.875698,46.50018,26095042,Africa,2011,2023
Ghana,GHA,2012,34.875698,46.50018,26734220,Africa,2012,2023
Ghana,GHA,2013,34.875698,46.50018,27386146,Africa,2013,2023
Ghana,GHA,2014,34.875698,46.50018,28041528,Africa,2014,2023
Ghana,GHA,2015,34.875698,46.50018,28696019,Africa,2015,2023
Ghana,GHA,2016,34.875698,46.50018,29356688,Africa,2016,2023
Ghana,GHA,2017,34.875698,46.50018,30008310,Africa,2017,2023
Ghana,GHA,2018,34.875698,46.50018,30637543,Africa,2018,2023
Ghana,GHA,2019,34.875698,46.50018,31258887,Africa,2019,2023
Ghana,GHA,2020,34.875698,46.50018,31887755,Africa,2020,2023
Ghana,GHA,2021,34.875698,46.50018,32518607,Africa,2021,2023
Ghana,GHA,2022,34.875698,46.50018,33149102,Africa,2022,2023
Guatemala,GTM,2011,69.92723,83.22295,14792071,North America,2011,2023
Guatemala,GTM,2012,69.92723,83.22295,15089585,North America,2012,2023
Guatemala,GTM,2013,69.92723,83.22295,15387291,North America,2013,2023
Guatemala,GTM,2014,69.92723,83.22295,15681675,North America,2014,2023
Guatemala,GTM,2015,69.92723,83.22295,15971692,North America,2015,2023
Guatemala,GTM,2016,69.92723,83.22295,16268708,North America,2016,2023
Guatemala,GTM,2017,69.92723,83.22295,16567316,North America,2017,2023
Guatemala,GTM,2018,69.92723,83.22295,16845637,North America,2018,2023
Guatemala,GTM,2019,69.92723,83.22295,17103759,North America,2019,2023
Guinea,GIN,2014,13.077006,33.144672,11472868,Africa,2014,2023
Guinea,GIN,2015,13.077006,33.144672,11767021,Africa,2015,2023
Guinea,GIN,2016,13.077006,33.144672,12072983,Africa,2016,2023
Guinea,GIN,2017,13.077006,33.144672,12385616,Africa,2017,2023
Guinea,GIN,2018,13.077006,33.144672,12704736,Africa,2018,2023
Guinea,GIN,2019,13.077006,33.144672,13034294,Africa,2019,2023
Guinea,GIN,2020,13.077006,33.144672,13371136,Africa,2020,2023
Guinea,GIN,2021,13.077006,33.144672,13710470,Africa,2021,2023
Guinea,GIN,2022,13.077006,33.144672,14055075,Africa,2022,2023
Guinea-Bissau,GNB,2004,0,1.7680253,1349521,Africa,2004,2023
Guinea-Bissau,GNB,2005,0,1.7680253,1381545,Africa,2005,2023
Guinea-Bissau,GNB,2006,0,1.7680253,1415265,Africa,2006,2023
Guinea-Bissau,GNB,2007,0,1.7680253,1450941,Africa,2007,2023
Guinea-Bissau,GNB,2008,0,1.7680253,1488010,Africa,2008,2023
Guinea-Bissau,GNB,2009,0.110140234,3.5179052,1526331,Africa,2009,2023
Guinea-Bissau,GNB,2010,1.4120351,5.267785,1566293,Africa,2010,2023
Guinea-Bissau,GNB,2011,2.71393,7.017665,1608028,Africa,2011,2023
Guinea-Bissau,GNB,2012,4.015825,8.767545,1651385,Africa,2012,2023
Guinea-Bissau,GNB,2013,5.3177195,10.517425,1695931,Africa,2013,2023
Guinea-Bissau,GNB,2014,6.6196146,12.267304,1741074,Africa,2014,2023
Guinea-Bissau,GNB,2015,7.9215093,14.017184,1786411,Africa,2015,2023
Guinea-Bissau,GNB,2016,9.223404,15.767064,1831846,Africa,2016,2023
Guinea-Bissau,GNB,2017,10.525299,17.516945,1877018,Africa,2017,2023
Guinea-Bissau,GNB,2018,11.827194,19.266825,1922119,Africa,2018,2023
Guinea-Bissau,GNB,2019,13.129088,21.016705,1967654,Africa,2019,2023
Guinea-Bissau,GNB,2020,14.430984,22.766584,2013212,Africa,2020,2023
Guinea-Bissau,GNB,2021,15.732879,24.516464,2058795,Africa,2021,2023
Guinea-Bissau,GNB,2022,15.732879,24.516464,2105479,Africa,2022,2023
Guyana,GUY,2008,76.32264,74.718735,754563,South America,2008,2023
Guyana,GUY,2009,76.32264,74.718735,752047,South America,2009,2023
Guyana,GUY,2010,76.32264,74.718735,749211,South America,2010,2023
Guyana,GUY,2011,76.32264,74.718735,746113,South America,2011,2023
Guyana,GUY,2012,76.32264,74.718735,746252,South America,2012,2023
Guyana,GUY,2013,77.231834,75.06963,749965,South America,2013,2023
Guyana,GUY,2014,78.14104,75.42053,754171,South America,2014,2023
Guyana,GUY,2015,79.05023,75.77143,758746,South America,2015,2023
Guyana,GUY,2016,79.95943,76.12233,763497,South America,2016,2023
Guyana,GUY,2017,80.86863,76.47323,768435,South America,2017,2023
Guyana,GUY,2018,81.777824,76.82413,791516,South America,2018,2023
Guyana,GUY,2019,82.68702,77.175026,807624,South America,2019,2023
Guyana,GUY,2020,83.59622,77.52593,807442,South America,2020,2023
Guyana,GUY,2021,84.50542,77.87683,815445,South America,2021,2023
Guyana,GUY,2022,85.41462,78.22773,821588,South America,2022,2023
Haiti,HTI,2006,17.870373,32.347897,9216519,North America,2006,2023
Haiti,HTI,2007,17.870373,32.347897,9373256,North America,2007,2023
Haiti,HTI,2008,17.870373,32.347897,9530731,North America,2008,2023
Haiti,HTI,2009,17.870373,32.347897,9689548,North America,2009,2023
Haiti,HTI,2010,17.870373,32.347897,9803247,North America,2010,2023
Haiti,HTI,2011,17.602898,31.8167,9914850,North America,2011,2023
Haiti,HTI,2012,17.335424,31.285501,10069716,North America,2012,2023
Haiti,HTI,2013,17.06795,30.754303,10222322,North America,2013,2023
Haiti,HTI,2014,16.800476,30.223106,10373194,North America,2014,2023
Haiti,HTI,2015,16.533,29.691908,10523200,North America,2015,2023
Haiti,HTI,2016,16.265528,29.160711,10671417,North America,2016,2023
Haiti,HTI,2017,15.998054,28.629513,10817711,North America,2017,2023
Haiti,HTI,2018,15.730579,28.098314,10962333,North America,2018,2023
Haiti,HTI,2019,15.463105,27.567118,11105119,North America,2019,2023
Haiti,HTI,2020,15.463105,27.567118,11243804,North America,2020,2023
Haiti,HTI,2021,15.463105,27.567118,11374546,North America,2021,2023
Haiti,HTI,2022,15.463105,27.567118,11503553,North America,2022,2023
Honduras,HND,2006,79.44476,87.609505,7656787,North America,2006,2023
Honduras,HND,2007,79.44476,87.609505,7834750,North America,2007,2023
Honduras,HND,2008,79.44476,87.609505,8012546,North America,2008,2023
Honduras,HND,2009,79.44476,87.609505,8189858,North America,2009,2023
Honduras,HND,2010,79.44476,87.609505,8365834,North America,2010,2023
Honduras,HND,2011,79.88846,87.408295,8540543,North America,2011,2023
Honduras,HND,2012,80.332146,87.20708,8715038,North America,2012,2023
Honduras,HND,2013,80.77583,87.00587,8889226,North America,2013,2023
Honduras,HND,2014,81.21952,86.80466,9063078,North America,2014,2023
Honduras,HND,2015,81.663216,86.60345,9237261,North America,2015,2023
Honduras,HND,2016,82.1069,86.40223,9412329,North America,2016,2023
Honduras,HND,2017,82.55059,86.20102,9588098,North America,2017,2023
Honduras,HND,2018,82.99428,85.99981,9765162,North America,2018,2023
Honduras,HND,2019,83.43797,85.79859,9943585,North America,2019,2023
Honduras,HND,2020,83.88166,85.59738,10119590,North America,2020,2023
Honduras,HND,2021,84.32535,85.39617,10289829,North America,2021,2023
Honduras,HND,2022,84.32535,85.39617,10463826,North America,2022,2023
India,IND,2010,50.726425,78.570435,1243481513,Asia,2010,2023
India,IND,2011,50.726425,78.570435,1261224903,Asia,2011,2023
India,IND,2012,50.726425,78.570435,1278674446,Asia,2012,2023
India,IND,2013,50.726425,78.570435,1295829456,Asia,2013,2023
India,IND,2014,50.726425,78.570435,1312277131,Asia,2014,2023
India,IND,2015,53.13107,79.69031,1328024445,Asia,2015,2023
India,IND,2016,55.535713,80.81018,1343944244,Asia,2016,2023
India,IND,2017,57.940357,81.93005,1359657354,Asia,2017,2023
India,IND,2018,60.345,83.04992,1374659017,Asia,2018,2023
India,IND,2019,62.74965,84.16979,1389030252,Asia,2019,2023
India,IND,2020,65.15429,85.289665,1402617645,Asia,2020,2023
India,IND,2021,67.55894,86.40953,1414203840,Asia,2021,2023
India,IND,2022,69.96358,87.5294,1425423157,Asia,2022,2023
Indonesia,IDN,2006,65.61752,85.986626,233951608,Asia,2006,2023
Indonesia,IDN,2007,65.61752,85.986626,237062283,Asia,2007,2023
Indonesia,IDN,2008,65.61752,85.986626,240157845,Asia,2008,2023
Indonesia,IDN,2009,65.61752,85.986626,243219975,Asia,2009,2023
Indonesia,IDN,2010,65.61752,85.986626,246305285,Asia,2010,2023
Indonesia,IDN,2011,66.47269,85.5911,249469983,Asia,2011,2023
Indonesia,IDN,2012,67.32784,85.19557,252698471,Asia,2012,2023
Indonesia,IDN,2013,68.18301,84.80005,255852410,Asia,2013,2023
Indonesia,IDN,2014,69.03817,84.404526,258877350,Asia,2014,2023
Indonesia,IDN,2015,69.893326,84.009,261799196,Asia,2015,2023
Indonesia,IDN,2016,70.74849,83.61348,264627382,Asia,2016,2023
Indonesia,IDN,2017,71.60365,83.21795,267346608,Asia,2017,2023
Indonesia,IDN,2018,72.45881,82.822426,269951801,Asia,2018,2023
Indonesia,IDN,2019,73.31397,82.4269,272489333,Asia,2019,2023
Indonesia,IDN,2020,74.16913,82.03138,274814825,Asia,2020,2023
Indonesia,IDN,2021,75.02429,81.63585,276758010,Asia,2021,2023
Indonesia,IDN,2022,75.879456,81.240326,278830479,Asia,2022,2023
Iraq,IRQ,2005,77.47466,94.92301,28407405,Asia,2005,2023
Iraq,IRQ,2006,77.47466,94.92301,28616456,Asia,2006,2023
Iraq,IRQ,2007,77.47466,94.92301,28391556,Asia,2007,2023
Iraq,IRQ,2008,77.47466,94.92301,28970998,Asia,2008,2023
Iraq,IRQ,2009,77.47466,94.92301,30058157,Asia,2009,2023
Iraq,IRQ,2010,79.23794,95.16644,31045312,Asia,2010,2023
Iraq,IRQ,2011,81.00122,95.40987,32161373,Asia,2011,2023
Iraq,IRQ,2012,82.7645,95.6533,33654796,Asia,2012,2023
Iraq,IRQ,2013,84.52779,95.89672,35281935,Asia,2013,2023
Iraq,IRQ,2014,86.29107,96.14015,36550007,Asia,2014,2023
Iraq,IRQ,2015,88.054344,96.383575,37560485,Asia,2015,2023
Iraq,IRQ,2016,89.81763,96.62701,38469579,Asia,2016,2023
Iraq,IRQ,2017,91.58091,96.87043,39337310,Asia,2017,2023
Iraq,IRQ,2018,93.34419,97.11386,40265573,Asia,2018,2023
Iraq,IRQ,2019,95.107475,97.357285,41192120,Asia,2019,2023
Iraq,IRQ,2020,96.87075,97.60071,42116556,Asia,2020,2023
Iraq,IRQ,2021,96.87075,97.60071,43071162,Asia,2021,2023
Iraq,IRQ,2022,96.87075,97.60071,44070510,Asia,2022,2023
Jamaica,JAM,2007,63.338753,69.372986,2713761,North America,2007,2023
Jamaica,JAM,2008,63.338753,69.372986,2725585,North America,2008,2023
Jamaica,JAM,2009,63.338753,69.372986,2736953,North America,2009,2023
Jamaica,JAM,2010,63.338753,69.372986,2748526,North America,2010,2023
Jamaica,JAM,2011,63.338753,69.372986,2760444,North America,2011,2023
Jamaica,JAM,2012,63.338753,69.372986,2772387,North America,2012,2023
Jamaica,JAM,2013,63.338753,69.372986,2783639,North America,2013,2023
Jamaica,JAM,2014,63.338753,69.372986,2793708,North America,2014,2023
Jamaica,JAM,2015,63.338753,69.372986,2802491,North America,2015,2023
Kazakhstan,KAZ,2011,98.72555,99.219604,17065944,Asia,2011,2023
Kazakhstan,KAZ,2012,98.72555,99.219604,17306063,Asia,2012,2023
Kazakhstan,KAZ,2013,98.72555,99.219604,17556454,Asia,2013,2023
Kazakhstan,KAZ,2014,98.72555,99.219604,17816240,Asia,2014,2023
Kazakhstan,KAZ,2015,98.72555,99.219604,18084126,Asia,2015,2023
Kazakhstan,KAZ,2016,98.72555,99.219604,18363551,Asia,2016,2023
Kazakhstan,KAZ,2017,98.72555,99.219604,18651876,Asia,2017,2023
Kazakhstan,KAZ,2018,98.72555,99.219604,18932674,Asia,2018,2023
Kazakhstan,KAZ,2019,98.72555,99.219604,19209498,Asia,2019,2023
Kenya,KEN,2011,34.646862,44.82677,42758431,Africa,2011,2023
Kenya,KEN,2012,34.646862,44.82677,43888260,Africa,2012,2023
Kenya,KEN,2013,34.646862,44.82677,44986744,Africa,2013,2023
Kenya,KEN,2014,34.646862,44.82677,46051395,Africa,2014,2023
Kenya,KEN,2015,34.646862,44.82677,47088485,Africa,2015,2023
Kenya,KEN,2016,34.646862,44.82677,48139632,Africa,2016,2023
Kenya,KEN,2017,34.646862,44.82677,49197713,Africa,2017,2023
Kenya,KEN,2018,34.646862,44.82677,50207065,Africa,2018,2023
Kenya,KEN,2019,34.646862,44.82677,51202787,Africa,2019,2023
Kenya,KEN,2020,34.646862,44.82677,52217277,Africa,2020,2023
Kenya,KEN,2021,34.646862,44.82677,53219122,Africa,2021,2023
Kenya,KEN,2022,34.646862,44.82677,54252404,Africa,2022,2023
Kiribati,KIR,2015,51.48181,58.84513,116787,Oceania,2015,2023
Kiribati,KIR,2016,51.48181,58.84513,118435,Oceania,2016,2023
Kiribati,KIR,2017,51.48181,58.84513,120237,Oceania,2017,2023
Kiribati,KIR,2018,51.48181,58.84513,122054,Oceania,2018,2023
Kiribati,KIR,2019,51.48181,58.84513,123881,Oceania,2019,2023
Kiribati,KIR,2020,51.48181,58.84513,126064,Oceania,2020,2023
Kiribati,KIR,2021,51.48181,58.84513,128346,Oceania,2021,2023
Kiribati,KIR,2022,51.48181,58.84513,130435,Oceania,2022,2023
Kyrgyzstan,KGZ,2006,79.98237,90.300964,5282401,Asia,2006,2023
Kyrgyzstan,KGZ,2007,79.98237,90.300964,5313329,Asia,2007,2023
Kyrgyzstan,KGZ,2008,79.98237,90.300964,5342481,Asia,2008,2023
Kyrgyzstan,KGZ,2009,79.98237,90.300964,5397958,Asia,2009,2023
Kyrgyzstan,KGZ,2010,79.98237,90.300964,5491717,Asia,2010,2023
Kyrgyzstan,KGZ,2011,81.9917,91.22996,5594489,Asia,2011,2023
Kyrgyzstan,KGZ,2012,84.00103,92.15894,5696470,Asia,2012,2023
Kyrgyzstan,KGZ,2013,86.01036,93.08794,5797248,Asia,2013,2023
Kyrgyzstan,KGZ,2014,88.01969,94.01693,5898279,Asia,2014,2023
Kyrgyzstan,KGZ,2015,90.02902,94.94592,6001819,Asia,2015,2023
Kyrgyzstan,KGZ,2016,92.03835,95.874916,6108412,Asia,2016,2023
Kyrgyzstan,KGZ,2017,94.04768,96.8039,6220098,Asia,2017,2023
Kyrgyzstan,KGZ,2018,96.05702,97.732895,6341684,Asia,2018,2023
Kyrgyzstan,KGZ,2019,98.06635,98.66189,6493984,Asia,2019,2023
Kyrgyzstan,KGZ,2020,100,99.59088,6664099,Asia,2020,2023
Kyrgyzstan,KGZ,2021,100,99.59088,6820433,Asia,2021,2023
Kyrgyzstan,KGZ,2022,100,99.59088,6955746,Asia,2022,2023
Laos,LAO,2013,45.558746,73.31063,6611342,Asia,2013,2023
Laos,LAO,2014,45.558746,73.31063,6703118,Asia,2014,2023
Laos,LAO,2015,45.558746,73.31063,6801606,Asia,2015,2023
Laos,LAO,2016,45.558746,73.31063,6908756,Asia,2016,2023
Laos,LAO,2017,45.558746,73.31063,7018100,Asia,2017,2023
Laos,LAO,2018,45.558746,73.31063,7127997,Asia,2018,2023
Laos,LAO,2019,45.558746,73.31063,7237589,Asia,2019,2023
Laos,LAO,2020,45.558746,73.31063,7346484,Asia,2020,2023
Laos,LAO,2021,45.558746,73.31063,7453143,Asia,2021,2023
Lesotho,LSO,2008,3.5503902,10.301618,1966490,Africa,2008,2023
Lesotho,LSO,2009,3.5503902,10.301618,1980846,Africa,2009,2023
Lesotho,LSO,2010,3.5503902,10.301618,1996200,Africa,2010,2023
Lesotho,LSO,2011,3.5503902,10.301618,2013964,Africa,2011,2023
Lesotho,LSO,2012,3.5503902,10.301618,2034316,Africa,2012,2023
Lesotho,LSO,2013,3.5503902,10.301618,2056448,Africa,2013,2023
Lesotho,LSO,2014,3.5503902,10.301618,2080036,Africa,2014,2023
Lesotho,LSO,2015,3.5503902,10.301618,2104564,Africa,2015,2023
Lesotho,LSO,2016,3.5503902,10.301618,2130371,Africa,2016,2023
Lesotho,LSO,2017,3.5503902,10.301618,2157068,Africa,2017,2023
Lesotho,LSO,2018,3.5503902,10.301618,2183564,Africa,2018,2023
Lesotho,LSO,2019,3.5503902,10.301618,2209365,Africa,2019,2023
Lesotho,LSO,2020,3.5503902,10.301618,2235679,Africa,2020,2023
Lesotho,LSO,2021,3.5503902,10.301618,2261496,Africa,2021,2023
Lesotho,LSO,2022,3.5503902,10.301618,2286067,Africa,2022,2023
Liberia,LBR,2007,0,0,3669008,Africa,2007,2023
Liberia,LBR,2008,0,0,3820959,Africa,2008,2023
Liberia,LBR,2009,0,0,3942987,Africa,2009,2023
Liberia,LBR,2010,0,0,4058844,Africa,2010,2023
Liberia,LBR,2011,0,0,4221132,Africa,2011,2023
Liberia,LBR,2012,0.3016991,0,4373007,Africa,2012,2023
Liberia,LBR,2013,0.59905195,1.7617017,4470187,Africa,2013,2023
Liberia,LBR,2014,0.6387428,2.1923091,4564257,Africa,2014,2023
Liberia,LBR,2015,0.6784337,2.6229167,4659399,Africa,2015,2023
Liberia,LBR,2016,0.7181246,3.053524,4755560,Africa,2016,2023
Liberia,LBR,2017,0.75781554,3.4841316,4848875,Africa,2017,2023
Liberia,LBR,2018,0.7975064,3.914739,4944685,Africa,2018,2023
Liberia,LBR,2019,0.8371973,4.3453465,5043670,Africa,2019,2023
Liberia,LBR,2020,0.8768882,4.775954,5149439,Africa,2020,2023
Liberia,LBR,2021,0.9165791,5.2065616,5259278,Africa,2021,2023
Liberia,LBR,2022,0.95627,5.637169,5373250,Africa,2022,2023
Madagascar,MDG,2000,16.51835,43.031635,16516293,Africa,2000,2023
Madagascar,MDG,2001,16.51835,43.031635,17032888,Africa,2001,2023
Madagascar,MDG,2002,16.51835,43.031635,17549869,Africa,2002,2023
Madagascar,MDG,2003,16.452784,42.672028,18071806,Africa,2003,2023
Madagascar,MDG,2004,16.387215,42.312416,18606549,Africa,2004,2023
Madagascar,MDG,2005,16.321646,41.95281,19159663,Africa,2005,2023
Madagascar,MDG,2006,16.256077,41.5932,19730869,Africa,2006,2023
Madagascar,MDG,2007,16.19051,41.233593,20318540,Africa,2007,2023
Madagascar,MDG,2008,16.12494,40.873985,20923790,Africa,2008,2023
Madagascar,MDG,2009,16.059372,40.514378,21547225,Africa,2009,2023
Madagascar,MDG,2010,15.993803,40.154766,22183297,Africa,2010,2023
Madagascar,MDG,2011,15.928235,39.79516,22822256,Africa,2011,2023
Madagascar,MDG,2012,15.862666,39.43555,23462392,Africa,2012,2023
Madagascar,MDG,2013,15.797098,39.075943,24109241,Africa,2013,2023
Madagascar,MDG,2014,15.731529,38.716335,24764298,Africa,2014,2023
Madagascar,MDG,2015,15.665961,38.356728,25426654,Africa,2015,2023
Madagascar,MDG,2016,15.600392,37.997116,26099905,Africa,2016,2023
Madagascar,MDG,2017,15.534824,37.63751,26788326,Africa,2017,2023
Madagascar,MDG,2018,15.469255,37.2779,27494881,Africa,2018,2023
Madagascar,MDG,2019,15.4036875,36.918293,28219511,Africa,2019,2023
Madagascar,MDG,2020,15.338119,36.558685,28953509,Africa,2020,2023
Madagascar,MDG,2021,15.272551,36.199078,29691033,Africa,2021,2023
Madagascar,MDG,2022,15.206982,35.839466,30437216,Africa,2022,2023
Malawi,MWI,2000,12.5296955,32.750214,11315896,Africa,2000,2023
Malawi,MWI,2001,12.5304365,32.529984,11593011,Africa,2001,2023
Malawi,MWI,2002,12.531178,32.309757,11880377,Africa,2002,2023
Malawi,MWI,2003,12.5319195,32.089527,12181526,Africa,2003,2023
Malawi,MWI,2004,12.532661,31.869299,12500688,Africa,2004,2023
Malawi,MWI,2005,12.533402,31.64907,12839988,Africa,2005,2023
Malawi,MWI,2006,12.534144,31.428843,13198644,Africa,2006,2023
Malawi,MWI,2007,12.534885,31.208614,13576290,Africa,2007,2023
Malawi,MWI,2008,12.535627,30.988386,13976359,Africa,2008,2023
Malawi,MWI,2009,12.536368,30.768158,14395732,Africa,2009,2023
Malawi,MWI,2010,12.53711,30.54793,14826420,Africa,2010,2023
Malawi,MWI,2011,12.537851,30.327702,15264976,Africa,2011,2023
Malawi,MWI,2012,12.538593,30.107471,15709541,Africa,2012,2023
Malawi,MWI,2013,12.539334,29.887243,16161772,Africa,2013,2023
Malawi,MWI,2014,12.540076,29.667015,16621485,Africa,2014,2023
Malawi,MWI,2015,12.540817,29.446787,17085543,Africa,2015,2023
Malawi,MWI,2016,12.541559,29.226559,17557696,Africa,2016,2023
Malawi,MWI,2017,12.5423,29.00633,18039666,Africa,2017,2023
Malawi,MWI,2018,12.543042,28.786102,18528036,Africa,2018,2023
Malawi,MWI,2019,12.543783,28.565874,19025698,Africa,2019,2023
Malawi,MWI,2020,12.544524,28.345646,19533837,Africa,2020,2023
Malawi,MWI,2021,12.545266,28.125418,20047218,Africa,2021,2023
Malawi,MWI,2022,12.546007,27.90519,20568683,Africa,2022,2023
Maldives,MDV,2013,94.974205,97.07847,400026,Asia,2013,2023
Maldives,MDV,2014,94.974205,97.07847,413574,Asia,2014,2023
Maldives,MDV,2015,94.974205,97.07847,428122,Asia,2015,2023
Maldives,MDV,2016,94.974205,97.07847,443271,Asia,2016,2023
Maldives,MDV,2017,94.974205,97.07847,458252,Asia,2017,2023
Maldives,MDV,2018,94.974205,97.07847,473064,Asia,2018,2023
Maldives,MDV,2019,94.974205,97.07847,487690,Asia,2019,2023
Maldives,MDV,2020,94.974205,97.07847,502076,Asia,2020,2023
Maldives,MDV,2021,94.974205,97.07847,516123,Asia,2021,2023
Mali,MLI,2014,9.120375,27.12441,18020221,Africa,2014,2023
Mali,MLI,2015,9.120375,27.12441,18592978,Africa,2015,2023
Mali,MLI,2016,9.120375,27.12441,19191249,Africa,2016,2023
Mali,MLI,2017,9.120375,27.12441,19812964,Africa,2017,2023
Mali,MLI,2018,9.120375,27.12441,20441987,Africa,2018,2023
Mali,MLI,2019,9.120375,27.12441,21068368,Africa,2019,2023
Mali,MLI,2020,9.120375,27.12441,21713790,Africa,2020,2023
Mali,MLI,2021,9.120375,27.12441,22388587,Africa,2021,2023
Mali,MLI,2022,9.120375,27.12441,23072588,Africa,2022,2023
Marshall Islands,MHL,2013,80.24665,86.44469,50648,Oceania,2013,2023
Marshall Islands,MHL,2014,80.24665,86.44469,49766,Oceania,2014,2023
Marshall Islands,MHL,2015,80.24665,86.44469,48784,Oceania,2015,2023
Marshall Islands,MHL,2016,80.24665,86.44469,47692,Oceania,2016,2023
Marshall Islands,MHL,2017,80.24665,86.44469,46503,Oceania,2017,2023
Marshall Islands,MHL,2018,80.24665,86.44469,45255,Oceania,2018,2023
Marshall Islands,MHL,2019,80.24665,86.44469,43984,Oceania,2019,2023
Marshall Islands,MHL,2020,80.24665,86.44469,42680,Oceania,2020,2023
Marshall Islands,MHL,2021,80.24665,86.44469,41346,Oceania,2021,2023
Mauritania,MRT,2009,41.171116,68.620636,3284406,Africa,2009,2023
Mauritania,MRT,2010,41.171116,68.620636,3390917,Africa,2010,2023
Mauritania,MRT,2011,41.171116,68.620636,3502767,Africa,2011,2023
Mauritania,MRT,2012,41.171116,68.620636,3618978,Africa,2012,2023
Mauritania,MRT,2013,41.171116,68.620636,3734279,Africa,2013,2023
Mauritania,MRT,2014,38.751293,67.51538,3848461,Africa,2014,2023
Mauritania,MRT,2015,36.331467,66.410126,3965910,Africa,2015,2023
Mauritania,MRT,2016,33.91164,65.30487,4086622,Africa,2016,2023
Mauritania,MRT,2017,31.491816,64.199615,4210554,Africa,2017,2023
Mauritania,MRT,2018,29.07199,63.094357,4337636,Africa,2018,2023
Mauritania,MRT,2019,26.652164,61.9891,4467661,Africa,2019,2023
Mauritania,MRT,2020,24.232338,60.883846,4600083,Africa,2020,2023
Mauritania,MRT,2021,21.812513,59.778587,4734824,Africa,2021,2023
Mauritania,MRT,2022,19.392687,58.673332,4875590,Africa,2022,2023
Mexico,MEX,2009,90.65383,90.65383,111999662,North America,2009,2023
Mexico,MEX,2010,90.65383,90.65383,113623858,North America,2010,2023
Mexico,MEX,2011,90.65383,90.65383,115243459,North America,2011,2023
Mexico,MEX,2012,90.65383,90.65383,116818153,North America,2012,2023
Mexico,MEX,2013,90.65383,90.65383,118343517,North America,2013,2023
Mexico,MEX,2014,91.01905,91.01905,119784217,North America,2014,2023
Mexico,MEX,2015,91.38427,91.38427,121072270,North America,2015,2023
Mexico,MEX,2016,91.7495,91.7495,122251299,North America,2016,2023
Mexico,MEX,2017,92.114716,92.114716,123400004,North America,2017,2023
Mexico,MEX,2018,92.479935,92.479935,124573671,North America,2018,2023
Mexico,MEX,2019,92.84515,92.84515,125762928,North America,2019,2023
Mexico,MEX,2020,93.21038,93.21038,126798998,North America,2020,2023
Mexico,MEX,2021,93.5756,93.5756,127648107,North America,2021,2023
Mexico,MEX,2022,93.94082,93.94082,128613066,North America,2022,2023
Moldova,MDA,2008,82.25892,93.363106,3779455,Europe,2008,2023
Moldova,MDA,2009,82.25892,93.363106,3706166,Europe,2009,2023
Moldova,MDA,2010,82.25892,93.363106,3631943,Europe,2010,2023
Moldova,MDA,2011,82.25892,93.363106,3557233,Europe,2011,2023
Moldova,MDA,2012,82.25892,93.363106,3482575,Europe,2012,2023
Moldova,MDA,2013,82.25892,93.363106,3408686,Europe,2013,2023
Moldova,MDA,2014,82.25892,93.363106,3342665,Europe,2014,2023
Moldova,MDA,2015,82.25892,93.363106,3287114,Europe,2015,2023
Moldova,MDA,2016,82.25892,93.363106,3237747,Europe,2016,2023
Mongolia,MNG,2004,31.52701,76.59527,2542754,Asia,2004,2023
Mongolia,MNG,2005,31.52701,76.59527,2563418,Asia,2005,2023
Mongolia,MNG,2006,31.52701,76.59527,2584714,Asia,2006,2023
Mongolia,MNG,2007,31.52701,76.59527,2607932,Asia,2007,2023
Mongolia,MNG,2008,31.52701,76.59527,2634381,Asia,2008,2023
Mongolia,MNG,2009,35.662476,77.60664,2665283,Asia,2009,2023
Mongolia,MNG,2010,39.797943,78.61802,2701690,Asia,2010,2023
Mongolia,MNG,2011,43.93341,79.629395,2745129,Asia,2011,2023
Mongolia,MNG,2012,48.068874,80.64077,2795410,Asia,2012,2023
Mongolia,MNG,2013,52.20434,81.65215,2851830,Asia,2013,2023
Mongolia,MNG,2014,56.33981,82.66353,2912984,Asia,2014,2023
Mongolia,MNG,2015,60.475273,83.674904,2976476,Asia,2015,2023
Mongolia,MNG,2016,64.61074,84.68628,3040773,Asia,2016,2023
Mongolia,MNG,2017,68.74621,85.697655,3104314,Asia,2017,2023
Mongolia,MNG,2018,72.881676,86.70903,3167660,Asia,2018,2023
Mongolia,MNG,2019,77.01714,87.72041,3232069,Asia,2019,2023
Mongolia,MNG,2020,81.15261,88.73179,3290733,Asia,2020,2023
Mongolia,MNG,2021,81.15261,88.73179,3339627,Asia,2021,2023
Mongolia,MNG,2022,81.15261,88.73179,3385971,Asia,2022,2023
Montenegro,MNE,2014,99.27728,99.22514,631332,Europe,2014,2023
Montenegro,MNE,2015,99.27728,99.22514,628096,Europe,2015,2023
Montenegro,MNE,2016,99.27728,99.22514,624199,Europe,2016,2023
Montenegro,MNE,2017,99.27728,99.22514,620062,Europe,2017,2023
Montenegro,MNE,2018,99.27728,99.22514,615760,Europe,2018,2023
Montenegro,MNE,2019,99.27728,99.22514,611625,Europe,2019,2023
Montenegro,MNE,2020,99.27728,99.22514,607887,Europe,2020,2023
Montenegro,MNE,2021,99.27728,99.22514,603805,Europe,2021,2023
Montenegro,MNE,2022,99.27728,99.22514,614603,Europe,2022,2023
Mozambique,MOZ,2007,7.589486,21.070583,21287589,Africa,2007,2023
Mozambique,MOZ,2008,7.589486,21.070583,21818980,Africa,2008,2023
Mozambique,MOZ,2009,7.589486,21.070583,22391698,Africa,2009,2023
Mozambique,MOZ,2010,7.589486,21.070583,22999191,Africa,2010,2023
Mozambique,MOZ,2011,7.589486,21.070583,23649004,Africa,2011,2023
Mozambique,MOZ,2012,7.589486,21.070583,24337788,Africa,2012,2023
Mozambique,MOZ,2013,7.589486,21.070583,25051568,Africa,2013,2023
Mozambique,MOZ,2014,7.589486,21.070583,25788424,Africa,2014,2023
Mozambique,MOZ,2015,7.589486,21.070583,26547522,Africa,2015,2023
Myanmar,MMR,2010,70.657234,83.02182,49024326,Asia,2010,2023
Myanmar,MMR,2011,70.657234,83.02182,49419777,Asia,2011,2023
Myanmar,MMR,2012,70.657234,83.02182,49837398,Asia,2012,2023
Myanmar,MMR,2013,70.657234,83.02182,50262613,Asia,2013,2023
Myanmar,MMR,2014,70.657234,83.02182,50681584,Asia,2014,2023
Myanmar,MMR,2015,70.657234,83.02182,51089005,Asia,2015,2023
Myanmar,MMR,2016,70.657234,83.02182,51495657,Asia,2016,2023
Myanmar,MMR,2017,70.657234,83.02182,51894886,Asia,2017,2023
Myanmar,MMR,2018,70.657234,83.02182,52272203,Asia,2018,2023
Myanmar,MMR,2019,70.657234,83.02182,52640679,Asia,2019,2023
Myanmar,MMR,2020,70.657234,83.02182,53016472,Asia,2020,2023
Myanmar,MMR,2021,70.657234,83.02182,53387059,Asia,2021,2023
Myanmar,MMR,2022,70.657234,83.02182,53756739,Asia,2022,2023
Namibia,NAM,2009,27.480427,62.41457,2077343,Africa,2009,2023
Namibia,NAM,2010,27.480427,62.41457,2109760,Africa,2010,2023
Namibia,NAM,2011,27.480427,62.41457,2146277,Africa,2011,2023
Namibia,NAM,2012,27.480427,62.41457,2194604,Africa,2012,2023
Namibia,NAM,2013,27.480427,62.41457,2252462,Africa,2013,2023
Namibia,NAM,2014,27.480427,62.41457,2312089,Africa,2014,2023
Namibia,NAM,2015,27.480427,62.41457,2374258,Africa,2015,2023
Namibia,NAM,2016,27.480427,62.41457,2439160,Africa,2016,2023
Namibia,NAM,2017,27.480427,62.41457,2506814,Africa,2017,2023
Nepal,NPL,2005,41.272507,74.88121,26309414,Asia,2005,2023
Nepal,NPL,2006,41.272507,74.88121,26565390,Asia,2006,2023
Nepal,NPL,2007,41.272507,74.88121,26788452,Asia,2007,2023
Nepal,NPL,2008,41.272507,74.88121,26989988,Asia,2008,2023
Nepal,NPL,2009,41.272507,74.88121,27172983,Asia,2009,2023
Nepal,NPL,2010,42.861687,74.91287,27341910,Asia,2010,2023
Nepal,NPL,2011,44.45087,74.944534,27464446,Asia,2011,2023
Nepal,NPL,2012,46.04005,74.9762,27534868,Asia,2012,2023
Nepal,NPL,2013,47.62923,75.00786,27589950,Asia,2013,2023
Nepal,NPL,2014,49.218414,75.03952,27672334,Asia,2014,2023
Nepal,NPL,2015,50.807594,75.07118,27823579,Asia,2015,2023
Nepal,NPL,2016,52.396774,75.10284,27955421,Asia,2016,2023
Nepal,NPL,2017,53.98596,75.1345,28011204,Asia,2017,2023
Nepal,NPL,2018,55.575138,75.16616,28079631,Asia,2018,2023
Nepal,NPL,2019,57.16432,75.19782,28414023,Asia,2019,2023
Nepal,NPL,2020,58.7535,75.229485,28966540,Asia,2020,2023
Nepal,NPL,2021,60.34268,75.26115,29474963,Asia,2021,2023
Nepal,NPL,2022,60.34268,75.26115,29715383,Asia,2022,2023
Niger,NER,2000,1.6400527,28.710657,11509585,Africa,2000,2023
Niger,NER,2001,1.6400527,28.710657,11920599,Africa,2001,2023
Niger,NER,2002,1.6400527,28.710657,12349114,Africa,2002,2023
Niger,NER,2003,1.6400527,28.710657,12796931,Africa,2003,2023
Niger,NER,2004,1.6400527,28.710657,13265788,Africa,2004,2023
Niger,NER,2005,2.8177392,29.325237,13756146,Africa,2005,2023
Niger,NER,2006,3.9954257,29.93982,14268544,Africa,2006,2023
Niger,NER,2007,5.1731124,30.554401,14803558,Africa,2007,2023
Niger,NER,2008,6.3507986,31.168983,15361866,Africa,2008,2023
Niger,NER,2009,7.5284853,31.783564,15943624,Africa,2009,2023
Niger,NER,2010,8.706172,32.398148,16548779,Africa,2010,2023
Niger,NER,2011,9.883859,33.012726,17176241,Africa,2011,2023
Niger,NER,2012,11.061545,33.627308,17836733,Africa,2012,2023
Niger,NER,2013,12.239231,34.24189,18519843,Africa,2013,2023
Niger,NER,2014,13.416918,34.856472,19215874,Africa,2014,2023
Niger,NER,2015,14.5946045,35.471054,19939452,Africa,2015,2023
Niger,NER,2016,15.772291,36.085636,20685716,Africa,2016,2023
Niger,NER,2017,16.949978,36.70022,21435404,Africa,2017,2023
Niger,NER,2018,18.127665,37.3148,22188024,Africa,2018,2023
Niger,NER,2019,19.305351,37.92938,22947717,Africa,2019,2023
Niger,NER,2020,20.483038,38.54396,23717579,Africa,2020,2023
Niger,NER,2021,21.660725,39.158543,24502100,Africa,2021,2023
Niger,NER,2022,21.660725,39.158543,25311922,Africa,2022,2023
Nigeria,NGA,2011,22.883482,38.195877,171379551,Africa,2011,2023
Nigeria,NGA,2012,22.883482,38.195877,176200571,Africa,2012,2023
Nigeria,NGA,2013,22.883482,38.195877,181049400,Africa,2013,2023
Nigeria,NGA,2014,22.883482,38.195877,185896872,Africa,2014,2023
Nigeria,NGA,2015,22.883482,38.195877,190671830,Africa,2015,2023
Nigeria,NGA,2016,22.883482,38.195877,195443641,Africa,2016,2023
Nigeria,NGA,2017,22.883482,38.195877,200254534,Africa,2017,2023
Nigeria,NGA,2018,22.883482,38.195877,204938703,Africa,2018,2023
Nigeria,NGA,2019,22.883482,38.195877,209485583,Africa,2019,2023
Nigeria,NGA,2020,22.883482,38.195877,213996143,Africa,2020,2023
Nigeria,NGA,2021,22.883482,38.195877,218529237,Africa,2021,2023
Nigeria,NGA,2022,22.883482,38.195877,223150851,Africa,2022,2023
North Macedonia,MKD,2000,99.75111,99.61872,2057212,Europe,2000,2023
North Macedonia,MKD,2001,99.75111,99.61872,2066242,Europe,2001,2023
North Macedonia,MKD,2002,99.75111,99.61872,2074432,Europe,2002,2023
North Macedonia,MKD,2003,99.75111,99.61872,2081368,Europe,2003,2023
North Macedonia,MKD,2004,99.75111,99.61872,2086534,Europe,2004,2023
North Macedonia,MKD,2005,99.75111,99.61872,2089764,Europe,2005,2023
North Macedonia,MKD,2006,99.75111,99.61872,2089193,Europe,2006,2023
North Macedonia,MKD,2007,99.75111,99.61872,2081936,Europe,2007,2023
North Macedonia,MKD,2008,99.75111,99.61872,2070788,Europe,2008,2023
North Macedonia,MKD,2009,99.75111,99.61872,2060548,Europe,2009,2023
North Macedonia,MKD,2010,99.75111,99.61872,2051460,Europe,2010,2023
North Macedonia,MKD,2011,99.75111,99.61872,2040398,Europe,2011,2023
North Macedonia,MKD,2012,99.75111,99.61872,2027246,Europe,2012,2023
North Macedonia,MKD,2013,99.75111,99.61872,2013223,Europe,2013,2023
North Macedonia,MKD,2014,99.75111,99.61872,1997784,Europe,2014,2023
North Macedonia,MKD,2015,99.75111,99.61872,1980318,Europe,2015,2023
North Macedonia,MKD,2016,99.75111,99.61872,1961210,Europe,2016,2023
North Macedonia,MKD,2017,99.75111,99.61872,1940825,Europe,2017,2023
North Macedonia,MKD,2018,99.75111,99.61872,1919675,Europe,2018,2023
North Macedonia,MKD,2019,99.75111,99.61872,1897595,Europe,2019,2023
North Macedonia,MKD,2020,99.75111,99.61872,1871976,Europe,2020,2023
North Macedonia,MKD,2021,99.75111,99.61872,1851059,Europe,2021,2023
North Macedonia,MKD,2022,99.75111,99.61872,1840196,Europe,2022,2023
Pakistan,PAK,2007,36.738926,80.90086,184493178,Asia,2007,2023
Pakistan,PAK,2008,36.738926,80.90086,189499072,Asia,2008,2023
Pakistan,PAK,2009,36.738926,80.90086,194376491,Asia,2009,2023
Pakistan,PAK,2010,36.738926,80.90086,199238997,Asia,2010,2023
Pakistan,PAK,2011,36.738926,80.90086,203746014,Asia,2011,2023
Pakistan,PAK,2012,40.690582,81.91822,207667068,Asia,2012,2023
Pakistan,PAK,2013,44.642235,82.93557,211073920,Asia,2013,2023
Pakistan,PAK,2014,48.59389,83.95293,214264607,Asia,2014,2023
Pakistan,PAK,2015,52.545544,84.970276,217290832,Asia,2015,2023
Pakistan,PAK,2016,56.4972,85.98763,220138810,Asia,2016,2023
Pakistan,PAK,2017,60.448853,87.00498,223273927,Asia,2017,2023
Pakistan,PAK,2018,64.400505,88.02234,226928843,Asia,2018,2023
Pakistan,PAK,2019,68.352165,89.03969,230800861,Asia,2019,2023
Pakistan,PAK,2020,72.30382,90.057045,235001693,Asia,2020,2023
Pakistan,PAK,2021,76.25547,91.074394,239477758,Asia,2021,2023
Pakistan,PAK,2022,80.20712,92.09175,243700616,Asia,2022,2023
Palestine,PSE,2014,95.508545,94.74419,4415839,Asia,2014,2023
Palestine,PSE,2015,95.508545,94.74419,4521515,Asia,2015,2023
Palestine,PSE,2016,95.508545,94.74419,4632686,Asia,2016,2023
Palestine,PSE,2017,95.508545,94.74419,4742699,Asia,2017,2023
Palestine,PSE,2018,95.508545,94.74419,4850540,Asia,2018,2023
Palestine,PSE,2019,95.508545,94.74419,4957731,Asia,2019,2023
Palestine,PSE,2020,95.508545,94.74419,5069642,Asia,2020,2023
Palestine,PSE,2021,95.508545,94.74419,5185289,Asia,2021,2023
Palestine,PSE,2022,95.508545,94.74419,5305230,Asia,2022,2023
Papua New Guinea,PNG,2014,24.72726,62.48486,8523397,Oceania,2014,2023
Papua New Guinea,PNG,2015,24.72726,62.48486,8743205,Oceania,2015,2023
Papua New Guinea,PNG,2016,24.72726,62.48486,8961675,Oceania,2016,2023
Papua New Guinea,PNG,2017,24.72726,62.48486,9178669,Oceania,2017,2023
Papua New Guinea,PNG,2018,24.72726,62.48486,9394475,Oceania,2018,2023
Papua New Guinea,PNG,2019,24.72726,62.48486,9608959,Oceania,2019,2023
Papua New Guinea,PNG,2020,24.72726,62.48486,9815691,Oceania,2020,2023
Papua New Guinea,PNG,2021,24.72726,62.48486,10012849,Oceania,2021,2023
Papua New Guinea,PNG,2022,24.72726,62.48486,10203130,Oceania,2022,2023
Paraguay,PRY,2012,71.99361,85.11529,5896966,South America,2012,2023
Paraguay,PRY,2013,71.99361,85.11529,5982397,South America,2013,2023
Paraguay,PRY,2014,71.99361,85.11529,6069774,South America,2014,2023
Paraguay,PRY,2015,71.99361,85.11529,6159053,South America,2015,2023
Paraguay,PRY,2016,71.99361,85.11529,6249070,South America,2016,2023
Paraguay,PRY,2017,71.99361,85.11529,6338607,South America,2017,2023
Paraguay,PRY,2018,71.99361,85.11529,6427336,South America,2018,2023
Paraguay,PRY,2019,71.99361,85.11529,6515016,South America,2019,2023
Paraguay,PRY,2020,71.99361,85.11529,6603683,South America,2020,2023
Philippines,PHL,2011,78.50947,85.26573,98248571,Asia,2011,2023
Philippines,PHL,2012,78.50947,85.26573,100175459,Asia,2012,2023
Philippines,PHL,2013,78.50947,85.26573,102076299,Asia,2013,2023
Philippines,PHL,2014,78.50947,85.26573,103767082,Asia,2014,2023
Philippines,PHL,2015,78.50947,85.26573,105312935,Asia,2015,2023
Philippines,PHL,2016,78.50947,85.26573,106735664,Asia,2016,2023
Philippines,PHL,2017,78.50947,85.26573,108119646,Asia,2017,2023
Philippines,PHL,2018,78.50947,85.26573,109465234,Asia,2018,2023
Philippines,PHL,2019,78.50947,85.26573,110804629,Asia,2019,2023
Philippines,PHL,2020,78.50947,85.26573,112081229,Asia,2020,2023
Philippines,PHL,2021,78.50947,85.26573,113100906,Asia,2021,2023
Philippines,PHL,2022,78.50947,85.26573,113964291,Asia,2022,2023
Rwanda,RWA,2000,0,0,8213890,Africa,2000,2023
Rwanda,RWA,2001,0,1.2281814,8287041,Africa,2001,2023
Rwanda,RWA,2002,0,4.5141377,8400138,Africa,2002,2023
Rwanda,RWA,2003,0,6.8528013,8586828,Africa,2003,2023
Rwanda,RWA,2004,0.26660776,8.105347,8816799,Africa,2004,2023
Rwanda,RWA,2005,1.1940775,9.357892,9054488,Africa,2005,2023
Rwanda,RWA,2006,2.1215472,10.610437,9299203,Africa,2006,2023
Rwanda,RWA,2007,3.049017,11.862982,9549891,Africa,2007,2023
Rwanda,RWA,2008,3.9764867,13.115527,9804219,Africa,2008,2023
Rwanda,RWA,2009,4.9039564,14.3680725,10060389,Africa,2009,2023
Rwanda,RWA,2010,5.831426,15.620618,10317499,Africa,2010,2023
Rwanda,RWA,2011,6.758896,16.873163,10573694,Africa,2011,2023
Rwanda,RWA,2012,7.6863656,18.125708,10829851,Africa,2012,2023
Rwanda,RWA,2013,8.613835,19.378252,11093287,Africa,2013,2023
Rwanda,RWA,2014,9.541305,20.630798,11364711,Africa,2014,2023
Rwanda,RWA,2015,10.468775,21.883343,11639989,Africa,2015,2023
Rwanda,RWA,2016,11.396244,23.13589,11919140,Africa,2016,2023
Rwanda,RWA,2017,12.323714,24.388433,12202006,Africa,2017,2023
Rwanda,RWA,2018,13.2511835,25.640978,12487952,Africa,2018,2023
Rwanda,RWA,2019,14.178654,26.893524,12776068,Africa,2019,2023
Rwanda,RWA,2020,15.106123,28.146069,13065796,Africa,2020,2023
Rwanda,RWA,2021,16.033592,29.398613,13355214,Africa,2021,2023
Rwanda,RWA,2022,16.033592,29.398613,13650972,Africa,2022,2023
Saint Lucia,LCA,2008,87.19406,87.935455,168771,North America,2008,2023
Saint Lucia,LCA,2009,87.19406,87.935455,169832,North America,2009,2023
Saint Lucia,LCA,2010,87.19406,87.935455,170869,North America,2010,2023
Saint Lucia,LCA,2011,87.19406,87.935455,171765,North America,2011,2023
Saint Lucia,LCA,2012,87.19406,87.935455,172541,North America,2012,2023
Saint Lucia,LCA,2013,87.19406,87.935455,173340,North America,2013,2023
Saint Lucia,LCA,2014,87.19406,87.935455,174099,North America,2014,2023
Saint Lucia,LCA,2015,87.19406,87.935455,174864,North America,2015,2023
Saint Lucia,LCA,2016,87.19406,87.935455,175606,North America,2016,2023
Samoa,WSM,2016,69.440544,83.76744,203459,Oceania,2016,2023
Samoa,WSM,2017,69.440544,83.76744,205372,Oceania,2017,2023
Samoa,WSM,2018,69.440544,83.76744,207552,Oceania,2018,2023
Samoa,WSM,2019,69.440544,83.76744,209753,Oceania,2019,2023
Samoa,WSM,2020,69.440544,83.76744,211900,Oceania,2020,2023
Samoa,WSM,2021,69.440544,83.76744,213745,Oceania,2021,2023
Samoa,WSM,2022,69.440544,83.76744,215224,Oceania,2022,2023
Sao Tome and Principe,STP,2008,49.082294,32.439777,173755,Africa,2008,2023
Sao Tome and Principe,STP,2009,49.082294,32.439777,177829,Africa,2009,2023
Sao Tome and Principe,STP,2010,49.082294,32.439777,181774,Africa,2010,2023
Sao Tome and Principe,STP,2011,49.082294,32.439777,185618,Africa,2011,2023
Sao Tome and Principe,STP,2012,49.082294,32.439777,189406,Africa,2012,2023
Sao Tome and Principe,STP,2013,48.418316,35.817917,193111,Africa,2013,2023
Sao Tome and Principe,STP,2014,47.754337,39.196056,196726,Africa,2014,2023
Sao Tome and Principe,STP,2015,47.09036,42.574196,200250,Africa,2015,2023
Sao Tome and Principe,STP,2016,46.42638,45.952335,203653,Africa,2016,2023
Sao Tome and Principe,STP,2017,45.7624,49.330475,206942,Africa,2017,2023
Sao Tome and Principe,STP,2018,45.098423,52.708614,210148,Africa,2018,2023
Sao Tome and Principe,STP,2019,44.43444,56.086754,213358,Africa,2019,2023
Sao Tome and Principe,STP,2020,43.770462,59.464893,217412,Africa,2020,2023
Sao Tome and Principe,STP,2021,43.106483,62.843033,221926,Africa,2021,2023
Sao Tome and Principe,STP,2022,43.106483,62.843033,226265,Africa,2022,2023
Senegal,SEN,2011,10.30122,34.635624,12958851,Africa,2011,2023
Senegal,SEN,2012,10.30122,34.635624,13310451,Africa,2012,2023
Senegal,SEN,2013,10.30122,34.635624,13710804,Africa,2013,2023
Senegal,SEN,2014,10.30122,34.635624,14152057,Africa,2014,2023
Senegal,SEN,2015,10.30122,34.635624,14593290,Africa,2015,2023
Senegal,SEN,2016,10.30122,34.635624,15034460,Africa,2016,2023
Senegal,SEN,2017,10.30122,34.635624,15474954,Africa,2017,2023
Senegal,SEN,2018,10.30122,34.635624,15914437,Africa,2018,2023
Senegal,SEN,2019,10.30122,34.635624,16352874,Africa,2019,2023
Senegal,SEN,2020,10.30122,34.635624,16789173,Africa,2020,2023
Senegal,SEN,2021,10.30122,34.635624,17220821,Africa,2021,2023
Senegal,SEN,2022,10.30122,34.635624,17651046,Africa,2022,2023
Serbia,SRB,2006,98.032326,98.20827,7511339,Europe,2006,2023
Serbia,SRB,2007,98.032326,98.20827,7482937,Europe,2007,2023
Serbia,SRB,2008,98.032326,98.20827,7454231,Europe,2008,2023
Serbia,SRB,2009,98.032326,98.20827,7425298,Europe,2009,2023
Serbia,SRB,2010,98.032326,98.20827,7395821,Europe,2010,2023
Serbia,SRB,2011,98.032326,98.20827,7364807,Europe,2011,2023
Serbia,SRB,2012,98.032326,98.20827,7324574,Europe,2012,2023
Serbia,SRB,2013,98.032326,98.20827,7276136,Europe,2013,2023
Serbia,SRB,2014,98.032326,98.20827,7227156,Europe,2014,2023
Sierra Leone,SLE,2004,5.2261806,20.245785,5355672,Africa,2004,2023
Sierra Leone,SLE,2005,5.2261806,20.245785,5501660,Africa,2005,2023
Sierra Leone,SLE,2006,5.2261806,20.245785,5624421,Africa,2006,2023
Sierra Leone,SLE,2007,5.2261806,20.245785,5749300,Africa,2007,2023
Sierra Leone,SLE,2008,5.2261806,20.245785,5894681,Africa,2008,2023
Sierra Leone,SLE,2009,5.945305,20.306442,6055607,Africa,2009,2023
Sierra Leone,SLE,2010,6.6644287,20.3671,6222667,Africa,2010,2023
Sierra Leone,SLE,2011,7.383553,20.427755,6387207,Africa,2011,2023
Sierra Leone,SLE,2012,8.102677,20.488413,6551025,Africa,2012,2023
Sierra Leone,SLE,2013,8.821801,20.54907,6714007,Africa,2013,2023
Sierra Leone,SLE,2014,9.540926,20.609726,6876331,Africa,2014,2023
Sierra Leone,SLE,2015,10.26005,20.670383,7037607,Africa,2015,2023
Sierra Leone,SLE,2016,10.979174,20.731041,7205291,Africa,2016,2023
Sierra Leone,SLE,2017,11.698298,20.791697,7379254,Africa,2017,2023
Sierra Leone,SLE,2018,12.417422,20.852354,7554518,Africa,2018,2023
Sierra Leone,SLE,2019,13.136546,20.913012,7731946,Africa,2019,2023
Sierra Leone,SLE,2020,13.855671,20.973667,7912509,Africa,2020,2023
Sierra Leone,SLE,2021,14.574795,21.034325,8094551,Africa,2021,2023
Sierra Leone,SLE,2022,15.293919,21.094982,8276759,Africa,2022,2023
Solomon Islands,SLB,2011,28.403954,70.66929,552910,Oceania,2011,2023
Solomon Islands,SLB,2012,28.403954,70.66929,573574,Oceania,2012,2023
Solomon Islands,SLB,2013,28.403954,70.66929,594906,Oceania,2013,2023
Solomon Islands,SLB,2014,28.403954,70.66929,616865,Oceania,2014,2023
Solomon Islands,SLB,2015,28.403954,70.66929,639369,Oceania,2015,2023
Solomon Islands,SLB,2016,28.403954,70.66929,662342,Oceania,2016,2023
Solomon Islands,SLB,2017,28.403954,70.66929,685621,Oceania,2017,2023
Solomon Islands,SLB,2018,28.403954,70.66929,709057,Oceania,2018,2023
Solomon Islands,SLB,2019,28.403954,70.66929,728105,Oceania,2019,2023
Somalia,SOM,2013,19.009703,31.87408,12869548,Africa,2013,2023
Somalia,SOM,2014,19.009703,31.87408,13339450,Africa,2014,2023
Somalia,SOM,2015,19.009703,31.87408,13806921,Africa,2015,2023
Somalia,SOM,2016,19.009703,31.87408,14348692,Africa,2016,2023
Somalia,SOM,2017,19.009703,31.87408,14916586,Africa,2017,2023
Somalia,SOM,2018,19.009703,31.87408,15452434,Africa,2018,2023
Somalia,SOM,2019,19.009703,31.87408,16030917,Africa,2019,2023
Somalia,SOM,2020,19.009703,31.87408,16651150,Africa,2020,2023
Somalia,SOM,2021,19.009703,31.87408,17271386,Africa,2021,2023
Somalia,SOM,2022,19.009703,31.87408,17801848,Africa,2022,2023
South Africa,ZAF,2012,27.48104,52.555504,53782518,Africa,2012,2023
South Africa,ZAF,2013,27.48104,52.555504,54678742,Africa,2013,2023
South Africa,ZAF,2014,27.48104,52.555504,55594796,Africa,2014,2023
South Africa,ZAF,2015,27.48104,52.555504,56723493,Africa,2015,2023
South Africa,ZAF,2016,27.48104,52.555504,57259496,Africa,2016,2023
South Africa,ZAF,2017,27.48104,52.555504,57635106,Africa,2017,2023
South Africa,ZAF,2018,27.48104,52.555504,58612952,Africa,2018,2023
South Africa,ZAF,2019,27.48104,52.555504,59587828,Africa,2019,2023
South Africa,ZAF,2020,27.48104,52.555504,60562321,Africa,2020,2023
Sri Lanka,LKA,2017,83.44892,93.42165,22087475,Asia,2017,2023
Sri Lanka,LKA,2018,83.44892,93.42165,22253066,Asia,2018,2023
Sri Lanka,LKA,2019,83.44892,93.42165,22410495,Asia,2019,2023
Sri Lanka,LKA,2020,83.44892,93.42165,22561751,Asia,2020,2023
Sri Lanka,LKA,2021,83.44892,93.42165,22700326,Asia,2021,2023
Sri Lanka,LKA,2022,83.44892,93.42165,22834913,Asia,2022,2023
Suriname,SUR,2014,66.838326,74.79813,575336,South America,2014,2023
Suriname,SUR,2015,66.838326,74.79813,581595,South America,2015,2023
Suriname,SUR,2016,66.838326,74.79813,587714,South America,2016,2023
Suriname,SUR,2017,66.838326,74.79813,593667,South America,2017,2023
Suriname,SUR,2018,66.838326,74.79813,599459,South America,2018,2023
Suriname,SUR,2019,66.838326,74.79813,605727,South America,2019,2023
Suriname,SUR,2020,66.838326,74.79813,612267,South America,2020,2023
Suriname,SUR,2021,66.838326,74.79813,617863,South America,2021,2023
Suriname,SUR,2022,66.838326,74.79813,623128,South America,2022,2023
Syria,SYR,2012,80.59396,87.32684,22759716,Asia,2012,2023
Syria,SYR,2013,80.59396,87.32684,21666877,Asia,2013,2023
Syria,SYR,2014,80.59396,87.32684,20273611,Asia,2014,2023
Syria,SYR,2015,80.59396,87.32684,19424567,Asia,2015,2023
Syria,SYR,2016,80.59396,87.32684,19193793,Asia,2016,2023
Syria,SYR,2017,80.59396,87.32684,19224621,Asia,2017,2023
Syria,SYR,2018,80.59396,87.32684,19577802,Asia,2018,2023
Syria,SYR,2019,80.59396,87.32684,20353478,Asia,2019,2023
Syria,SYR,2020,80.59396,87.32684,21049378,Asia,2020,2023
Syria,SYR,2021,80.59396,87.32684,21628791,Asia,2021,2023
Syria,SYR,2022,80.59396,87.32684,22462118,Asia,2022,2023
Tajikistan,TJK,2006,66.520195,88.64244,7057521,Asia,2006,2023
Tajikistan,TJK,2007,66.520195,88.64244,7194419,Asia,2007,2023
Tajikistan,TJK,2008,66.520195,88.64244,7338348,Asia,2008,2023
Tajikistan,TJK,2009,66.520195,88.64244,7490173,Asia,2009,2023
Tajikistan,TJK,2010,66.520195,88.64244,7652096,Asia,2010,2023
Tajikistan,TJK,2011,66.63987,88.43202,7824737,Asia,2011,2023
Tajikistan,TJK,2012,66.75955,88.2216,8014037,Asia,2012,2023
Tajikistan,TJK,2013,66.879234,88.011185,8216686,Asia,2013,2023
Tajikistan,TJK,2014,66.99891,87.800766,8425521,Asia,2014,2023
Tajikistan,TJK,2015,67.11859,87.59034,8643796,Asia,2015,2023
Tajikistan,TJK,2016,67.23827,87.37992,8865574,Asia,2016,2023
Tajikistan,TJK,2017,67.35795,87.1695,9085890,Asia,2017,2023
Tajikistan,TJK,2018,67.47763,86.95908,9307292,Asia,2018,2023
Tajikistan,TJK,2019,67.59731,86.748665,9529924,Asia,2019,2023
Tajikistan,TJK,2020,67.59731,86.748665,9749262,Asia,2020,2023
Tajikistan,TJK,2021,67.59731,86.748665,9966868,Asia,2021,2023
Tajikistan,TJK,2022,67.59731,86.748665,10182185,Asia,2022,2023
Tanzania,TZA,2010,22.286291,40.36121,44758438,Africa,2010,2023
Tanzania,TZA,2011,22.286291,40.36121,46029314,Africa,2011,2023
Tanzania,TZA,2012,22.286291,40.36121,47374207,Africa,2012,2023
Tanzania,TZA,2013,22.286291,40.36121,48824088,Africa,2013,2023
Tanzania,TZA,2014,22.286291,40.36121,50351462,Africa,2014,2023
Tanzania,TZA,2015,22.286291,40.36121,52020910,Africa,2015,2023
Tanzania,TZA,2016,22.286291,40.36121,53823964,Africa,2016,2023
Tanzania,TZA,2017,22.286291,40.36121,55652838,Africa,2017,2023
Tanzania,TZA,2018,22.286291,40.36121,57437090,Africa,2018,2023
Tanzania,TZA,2019,22.286291,40.36121,59174848,Africa,2019,2023
Tanzania,TZA,2020,22.286291,40.36121,60972752,Africa,2020,2023
Tanzania,TZA,2021,22.286291,40.36121,62830365,Africa,2021,2023
Tanzania,TZA,2022,22.286291,40.36121,64711777,Africa,2022,2023
Thailand,THA,2010,83.16193,86.67285,68579392,Asia,2010,2023
Thailand,THA,2011,83.16193,86.67285,69007158,Asia,2011,2023
Thailand,THA,2012,83.16193,86.67285,69436048,Asia,2012,2023
Thailand,THA,2013,83.16193,86.67285,69845062,Asia,2013,2023
Thailand,THA,2014,83.16193,86.67285,70216319,Asia,2014,2023
Thailand,THA,2015,83.16193,86.67285,70540737,Asia,2015,2023
Thailand,THA,2016,83.16193,86.67285,70859797,Asia,2016,2023
Thailand,THA,2017,83.16193,86.67285,71160146,Asia,2017,2023
Thailand,THA,2018,83.16193,86.67285,71376039,Asia,2018,2023
Thailand,THA,2019,83.16193,86.67285,71522216,Asia,2019,2023
Thailand,THA,2020,83.16193,86.67285,71641437,Asia,2020,2023
Thailand,THA,2021,83.16193,86.67285,71727293,Asia,2021,2023
Thailand,THA,2022,83.16193,86.67285,71735273,Asia,2022,2023
Togo,TGO,2004,1.9174525,17.756065,5696467,Africa,2004,2023
Togo,TGO,2005,1.9174525,17.756065,5844590,Africa,2005,2023
Togo,TGO,2006,1.9174525,17.756065,6010623,Africa,2006,2023
Togo,TGO,2007,1.9174525,17.756065,6188301,Africa,2007,2023
Togo,TGO,2008,1.9174525,17.756065,6368770,Africa,2008,2023
Togo,TGO,2009,2.6367285,18.589672,6551820,Africa,2009,2023
Togo,TGO,2010,3.3560047,19.423279,6732545,Africa,2010,2023
Togo,TGO,2011,4.0752807,20.256886,6916427,Africa,2011,2023
Togo,TGO,2012,4.794557,21.090492,7100693,Africa,2012,2023
Togo,TGO,2013,5.513833,21.924099,7285399,Africa,2013,2023
Togo,TGO,2014,6.233109,22.757708,7472415,Africa,2014,2023
Togo,TGO,2015,6.952385,23.591314,7663160,Africa,2015,2023
Togo,TGO,2016,7.6716614,24.424921,7858247,Africa,2016,2023
Togo,TGO,2017,8.390938,25.258528,8057086,Africa,2017,2023
Togo,TGO,2018,9.110213,26.092134,8258739,Africa,2018,2023
Togo,TGO,2019,9.82949,26.925741,8463021,Africa,2019,2023
Togo,TGO,2020,9.82949,26.925741,8669667,Africa,2020,2023
Togo,TGO,2021,9.82949,26.925741,8878342,Africa,2021,2023
Togo,TGO,2022,9.82949,26.925741,9089693,Africa,2022,2023
Tonga,TON,2015,66.26848,80.43143,106055,Oceania,2015,2023
Tonga,TON,2016,66.26848,80.43143,105490,Oceania,2016,2023
Tonga,TON,2017,66.26848,80.43143,105330,Oceania,2017,2023
Tonga,TON,2018,66.26848,80.43143,105543,Oceania,2018,2023
Tonga,TON,2019,66.26848,80.43143,105643,Oceania,2019,2023
Tonga,TON,2020,66.26848,80.43143,105673,Oceania,2020,2023
Tonga,TON,2021,66.26848,80.43143,105450,Oceania,2021,2023
Tonga,TON,2022,66.26848,80.43143,105012,Oceania,2022,2023
Tunisia,TUN,2006,66.99527,96.922195,10346362,Africa,2006,2023
Tunisia,TUN,2007,66.99527,96.922195,10441654,Africa,2007,2023
Tunisia,TUN,2008,66.99527,96.922195,10542588,Africa,2008,2023
Tunisia,TUN,2009,66.99527,96.922195,10650632,Africa,2009,2023
Tunisia,TUN,2010,66.99527,96.922195,10765930,Africa,2010,2023
Tunisia,TUN,2011,67.028435,96.375626,10885997,Africa,2011,2023
Tunisia,TUN,2012,67.06159,95.82905,11009606,Africa,2012,2023
Tunisia,TUN,2013,67.09476,95.28247,11141316,Africa,2013,2023
Tunisia,TUN,2014,67.127914,94.7359,11274241,Africa,2014,2023
Tunisia,TUN,2015,67.16108,94.18932,11402217,Africa,2015,2023
Tunisia,TUN,2016,67.19424,93.642746,11528628,Africa,2016,2023
Tunisia,TUN,2017,67.2274,93.09617,11650449,Africa,2017,2023
Tunisia,TUN,2018,67.26056,92.5496,11765461,Africa,2018,2023
Tunisia,TUN,2019,67.293724,92.00302,11875033,Africa,2019,2023
Tunisia,TUN,2020,67.32688,91.45644,11974015,Africa,2020,2023
Tunisia,TUN,2021,67.32688,91.45644,12048573,Africa,2021,2023
Tunisia,TUN,2022,67.32688,91.45644,12119284,Africa,2022,2023
Turkmenistan,TKM,2000,60.588,82.7118,4582628,Asia,2000,2023
Turkmenistan,TKM,2001,62.993797,83.77231,4675373,Asia,2001,2023
Turkmenistan,TKM,2002,65.3996,84.83282,4769411,Asia,2002,2023
Turkmenistan,TKM,2003,67.80539,85.893326,4863821,Asia,2003,2023
Turkmenistan,TKM,2004,70.21119,86.95384,4958043,Asia,2004,2023
Turkmenistan,TKM,2005,72.61699,88.01435,5052212,Asia,2005,2023
Turkmenistan,TKM,2006,75.02278,89.07486,5147061,Asia,2006,2023
Turkmenistan,TKM,2007,77.42858,90.13537,5243998,Asia,2007,2023
Turkmenistan,TKM,2008,79.83438,91.19588,5344980,Asia,2008,2023
Turkmenistan,TKM,2009,82.24017,92.256386,5451545,Asia,2009,2023
Turkmenistan,TKM,2010,84.64597,93.316895,5564305,Asia,2010,2023
Turkmenistan,TKM,2011,87.05177,94.3774,5683365,Asia,2011,2023
Turkmenistan,TKM,2012,89.457565,95.43791,5808503,Asia,2012,2023
Turkmenistan,TKM,2013,91.863365,96.49843,5939302,Asia,2013,2023
Turkmenistan,TKM,2014,94.269165,97.55894,6075239,Asia,2014,2023
Turkmenistan,TKM,2015,96.67496,98.619446,6215727,Asia,2015,2023
Turkmenistan,TKM,2016,99.08076,99.679955,6359994,Asia,2016,2023
Turkmenistan,TKM,2017,100,100,6507023,Asia,2017,2023
Turkmenistan,TKM,2018,100,100,6655474,Asia,2018,2023
Turkmenistan,TKM,2019,100,100,6803896,Asia,2019,2023
Turkmenistan,TKM,2020,100,100,6949869,Asia,2020,2023
Turkmenistan,TKM,2021,100,100,7091984,Asia,2021,2023
Turkmenistan,TKM,2022,100,100,7230147,Asia,2022,2023
Turks and Caicos Islands,TCA,2016,88.7774,95.36911,38300,North America,2016,2023
Turks and Caicos Islands,TCA,2017,88.7774,95.36911,39885,North America,2017,2023
Turks and Caicos Islands,TCA,2018,88.7774,95.36911,41526,North America,2018,2023
Turks and Caicos Islands,TCA,2019,88.7774,95.36911,43143,North America,2019,2023
Turks and Caicos Islands,TCA,2020,88.7774,95.36911,44362,North America,2020,2023
Turks and Caicos Islands,TCA,2021,88.7774,95.36911,45213,North America,2021,2023
Turks and Caicos Islands,TCA,2022,88.7774,95.36911,45824,North America,2022,2023
Tuvalu,TUV,2016,96.316414,92.71523,10909,Oceania,2016,2023
Tuvalu,TUV,2017,96.316414,92.71523,10857,Oceania,2017,2023
Tuvalu,TUV,2018,96.316414,92.71523,10728,Oceania,2018,2023
Tuvalu,TUV,2019,96.316414,92.71523,10557,Oceania,2019,2023
Tuvalu,TUV,2020,96.316414,92.71523,10383,Oceania,2020,2023
Tuvalu,TUV,2021,96.316414,92.71523,10167,Oceania,2021,2023
Tuvalu,TUV,2022,96.316414,92.71523,9968,Oceania,2022,2023
Uganda,UGA,2000,0.7922774,6.4154267,24000104,Africa,2000,2023
Uganda,UGA,2001,1.8967206,8.274558,24745635,Africa,2001,2023
Uganda,UGA,2002,3.0011637,10.133688,25532819,Africa,2002,2023
Uganda,UGA,2003,4.105607,11.992819,26352074,Africa,2003,2023
Uganda,UGA,2004,5.21005,13.85195,27154465,Africa,2004,2023
Uganda,UGA,2005,6.314493,15.711081,27963231,Africa,2005,2023
Uganda,UGA,2006,7.4189367,17.570211,28793954,Africa,2006,2023
Uganda,UGA,2007,8.523379,19.429342,29653389,Africa,2007,2023
Uganda,UGA,2008,9.627823,21.288473,30539504,Africa,2008,2023
Uganda,UGA,2009,10.732266,23.147604,31451093,Africa,2009,2023
Uganda,UGA,2010,11.836709,25.006735,32390755,Africa,2010,2023
Uganda,UGA,2011,12.941153,26.865866,33354493,Africa,2011,2023
Uganda,UGA,2012,14.045595,28.724997,34337384,Africa,2012,2023
Uganda,UGA,2013,15.150039,30.584127,35336994,Africa,2013,2023
Uganda,UGA,2014,16.254482,32.443256,36395493,Africa,2014,2023
Uganda,UGA,2015,17.358925,34.302387,37531396,Africa,2015,2023
Uganda,UGA,2016,18.463367,36.16152,38799091,Africa,2016,2023
Uganda,UGA,2017,19.567812,38.02065,40177337,Africa,2017,2023
Uganda,UGA,2018,20.672255,39.87978,41565791,Africa,2018,2023
Uganda,UGA,2019,21.776697,41.73891,42999589,Africa,2019,2023
Uganda,UGA,2020,22.881142,43.59804,44457103,Africa,2020,2023
Uganda,UGA,2021,23.985584,45.457172,45910886,Africa,2021,2023
Uganda,UGA,2022,25.090027,47.316303,47312665,Africa,2022,2023
Uzbekistan,UZB,2018,75.13738,87.99571,32373443,Asia,2018,2023
Uzbekistan,UZB,2019,75.13738,87.99571,32964655,Asia,2019,2023
Uzbekistan,UZB,2020,75.13738,87.99571,33586325,Asia,2020,2023
Uzbekistan,UZB,2021,75.13738,87.99571,34243658,Asia,2021,2023
Uzbekistan,UZB,2022,75.13738,87.99571,34938911,Asia,2022,2023
Vanuatu,VUT,2007,17.968033,55.917713,221243,Oceania,2007,2023
Vanuatu,VUT,2008,17.968033,55.917713,226856,Oceania,2008,2023
Vanuatu,VUT,2009,17.968033,55.917713,232691,Oceania,2009,2023
Vanuatu,VUT,2010,17.968033,55.917713,238203,Oceania,2010,2023
Vanuatu,VUT,2011,17.968033,55.917713,243438,Oceania,2011,2023
Vanuatu,VUT,2012,23.116081,58.067657,248850,Oceania,2012,2023
Vanuatu,VUT,2013,28.264132,60.217598,254448,Oceania,2013,2023
Vanuatu,VUT,2014,33.41218,62.367542,260196,Oceania,2014,2023
Vanuatu,VUT,2015,38.56023,64.51749,266060,Oceania,2015,2023
Vanuatu,VUT,2016,43.708282,66.66743,272050,Oceania,2016,2023
Vanuatu,VUT,2017,48.85633,68.81737,278465,Oceania,2017,2023
Vanuatu,VUT,2018,54.00438,70.967316,285223,Oceania,2018,2023
Vanuatu,VUT,2019,59.15243,73.117256,291943,Oceania,2019,2023
Vanuatu,VUT,2020,64.30048,75.2672,298824,Oceania,2020,2023
Vanuatu,VUT,2021,69.44853,77.417145,305836,Oceania,2021,2023
Vanuatu,VUT,2022,74.59658,79.567085,313014,Oceania,2022,2023
Vietnam,VNM,2005,81.51263,91.790276,81088259,Asia,2005,2023
Vietnam,VNM,2006,81.51263,91.790276,82167850,Asia,2006,2023
Vietnam,VNM,2007,81.51263,91.790276,83633326,Asia,2007,2023
Vietnam,VNM,2008,81.51263,91.790276,85175740,Asia,2008,2023
Vietnam,VNM,2009,81.51263,91.790276,86459976,Asia,2009,2023
Vietnam,VNM,2010,81.75202,92.050064,87455095,Asia,2010,2023
Vietnam,VNM,2011,81.99142,92.30985,88468266,Asia,2011,2023
Vietnam,VNM,2012,82.23081,92.56964,89510294,Asia,2012,2023
Vietnam,VNM,2013,82.47021,92.82944,90573054,Asia,2013,2023
Vietnam,VNM,2014,82.7096,93.089226,91679537,Asia,2014,2023
Vietnam,VNM,2015,82.94899,93.349014,92823207,Asia,2015,2023
Vietnam,VNM,2016,83.188385,93.6088,94000065,Asia,2016,2023
Vietnam,VNM,2017,83.42778,93.8686,95176934,Asia,2017,2023
Vietnam,VNM,2018,83.667175,94.12839,96237273,Asia,2018,2023
Vietnam,VNM,2019,83.90657,94.388176,97173733,Asia,2019,2023
Vietnam,VNM,2020,84.145966,94.647964,98079150,Asia,2020,2023
Vietnam,VNM,2021,84.38536,94.90775,98935054,Asia,2021,2023
Vietnam,VNM,2022,84.624756,95.16755,99680606,Asia,2022,2023
Yemen,YEM,2009,36.48768,70.154076,25927683,Asia,2009,2023
Yemen,YEM,2010,36.48768,70.154076,26754341,Asia,2010,2023
Yemen,YEM,2011,36.48768,70.154076,27582855,Asia,2011,2023
Yemen,YEM,2012,36.48768,70.154076,28433605,Asia,2012,2023
Yemen,YEM,2013,36.48768,70.154076,29312908,Asia,2013,2023
Yemen,YEM,2014,36.48768,70.154076,30226266,Asia,2014,2023
Yemen,YEM,2015,36.48768,70.154076,31159328,Asia,2015,2023
Yemen,YEM,2016,36.48768,70.154076,32108978,Asia,2016,2023
Yemen,YEM,2017,36.48768,70.154076,33090884,Asia,2017,2023
Zambia,ZMB,2008,9.233286,28.728773,13021274,Africa,2008,2023
Zambia,ZMB,2009,9.233286,28.728773,13490345,Africa,2009,2023
Zambia,ZMB,2010,9.233286,28.728773,13965529,Africa,2010,2023
Zambia,ZMB,2011,9.233286,28.728773,14437740,Africa,2011,2023
Zambia,ZMB,2012,9.233286,28.728773,14913571,Africa,2012,2023
Zambia,ZMB,2013,9.233286,28.728773,15398950,Africa,2013,2023
Zambia,ZMB,2014,9.233286,28.728773,15895274,Africa,2014,2023
Zambia,ZMB,2015,9.233286,28.728773,16399034,Africa,2015,2023
Zambia,ZMB,2016,9.233286,28.728773,16914380,Africa,2016,2023
Zambia,ZMB,2017,9.233286,28.728773,17441277,Africa,2017,2023
Zambia,ZMB,2018,9.233286,28.728773,17973515,Africa,2018,2023
Zambia,ZMB,2019,9.233286,28.728773,18513790,Africa,2019,2023
Zambia,ZMB,2020,9.233286,28.728773,19059354,Africa,2020,2023
Zambia,ZMB,2021,9.233286,28.728773,19603556,Africa,2021,2023
Zambia,ZMB,2022,9.233286,28.728773,20152890,Africa,2022,2023
Zimbabwe,ZWE,2009,36.107243,55.705486,13142740,Africa,2009,2023
Zimbabwe,ZWE,2010,36.107243,55.705486,13356502,Africa,2010,2023
Zimbabwe,ZWE,2011,36.107243,55.705486,13595372,Africa,2011,2023
Zimbabwe,ZWE,2012,36.107243,55.705486,13817838,Africa,2012,2023
Zimbabwe,ZWE,2013,36.107243,55.705486,14013761,Africa,2013,2023
Zimbabwe,ZWE,2014,36.107243,55.705486,14207314,Africa,2014,2023
Zimbabwe,ZWE,2015,36.107243,55.705486,14398957,Africa,2015,2023
Zimbabwe,ZWE,2016,36.107243,55.705486,14600243,Africa,2016,2023
Zimbabwe,ZWE,2017,36.107243,55.705486,14812430,Africa,2017,2023
Zimbabwe,ZWE,2018,36.107243,55.705486,15034396,Africa,2018,2023
Zimbabwe,ZWE,2019,36.107243,55.705486,15271330,Africa,2019,2023
Zimbabwe,ZWE,2020,36.107243,55.705486,15526837,Africa,2020,2023
Zimbabwe,ZWE,2021,36.107243,55.705486,15797165,Africa,2021,2023
Zimbabwe,ZWE,2022,36.107243,55.705486,16069010,Africa,2022,2023